use testdb;

insert into user ( id, deleted, email, password, provider_id, provider_type, username )
	values
	( 100001, 0, 'admin@urban.enc', '$2a$10$5s9xbuNG60CXT0S7SxLyY.jpFJhFOduZQiOwQg8r7UmheqrG5znu6', NULL, 'EMAIL', 'admin' ),
	( 100002, 0, 'office.delhi@urban.enc', '$2a$10$5s9xbuNG60CXT0S7SxLyY.jpFJhFOduZQiOwQg8r7UmheqrG5znu6', NULL, 'EMAIL', 'office.delhi' ),
	( 100003, 0, 'office.mumbai@urban.enc', '$2a$10$5s9xbuNG60CXT0S7SxLyY.jpFJhFOduZQiOwQg8r7UmheqrG5znu6', NULL, 'EMAIL', 'office.mumbai' ),
	( 100004, 0, 'office.lucknow@urban.enc', '$2a$10$5s9xbuNG60CXT0S7SxLyY.jpFJhFOduZQiOwQg8r7UmheqrG5znu6', NULL, 'EMAIL', 'office.lucknow' ),
	( 100005, 0, 'office.gwalior@urban.enc', '$2a$10$5s9xbuNG60CXT0S7SxLyY.jpFJhFOduZQiOwQg8r7UmheqrG5znu6', NULL, 'EMAIL', 'office.gwalior' ),
	( 100006, 0, 'office.guwahati@urban.enc', '$2a$10$5s9xbuNG60CXT0S7SxLyY.jpFJhFOduZQiOwQg8r7UmheqrG5znu6', NULL, 'EMAIL', 'office.guwahati' ),
	( 10000001, 0, 'aditya.sharma@example.com', '$2a$10$5s9xbuNG60CXT0S7SxLyY.jpFJhFOduZQiOwQg8r7UmheqrG5znu6', NULL, 'EMAIL', 'aditya.sharma' ),
	( 10000002, 0, 'krishna.rastogi@example.com', '$2a$10$5s9xbuNG60CXT0S7SxLyY.jpFJhFOduZQiOwQg8r7UmheqrG5znu6', NULL, 'EMAIL', 'krishna.rastogi' ),
	( 10000003, 0, 'kiran.saxena@example.com', '$2a$10$5s9xbuNG60CXT0S7SxLyY.jpFJhFOduZQiOwQg8r7UmheqrG5znu6', NULL, 'EMAIL', 'kiran.saxena' ),
	( 10000004, 0, 'nikhil.das@example.com', '$2a$10$5s9xbuNG60CXT0S7SxLyY.jpFJhFOduZQiOwQg8r7UmheqrG5znu6', NULL, 'EMAIL', 'nikhil.das' ),
	( 10000005, 0, 'nitya.dutta@example.com', '$2a$10$5s9xbuNG60CXT0S7SxLyY.jpFJhFOduZQiOwQg8r7UmheqrG5znu6', NULL, 'EMAIL', 'nitya.dutta' ),
	( 10000006, 0, 'shiv.dubey@example.com', '$2a$10$5s9xbuNG60CXT0S7SxLyY.jpFJhFOduZQiOwQg8r7UmheqrG5znu6', NULL, 'EMAIL', 'shiv.dubey' ),
	( 10000007, 0, 'anushka.bhargava@example.com', '$2a$10$5s9xbuNG60CXT0S7SxLyY.jpFJhFOduZQiOwQg8r7UmheqrG5znu6', NULL, 'EMAIL', 'anushka.bhargava' ),
	( 10000008, 0, 'nandini.patel@example.com', '$2a$10$5s9xbuNG60CXT0S7SxLyY.jpFJhFOduZQiOwQg8r7UmheqrG5znu6', NULL, 'EMAIL', 'nandini.patel' ),
	( 10000009, 0, 'akhil.das@example.com', '$2a$10$5s9xbuNG60CXT0S7SxLyY.jpFJhFOduZQiOwQg8r7UmheqrG5znu6', NULL, 'EMAIL', 'akhil.das' ),
	( 10000010, 0, 'deepa.shetty@example.com', '$2a$10$5s9xbuNG60CXT0S7SxLyY.jpFJhFOduZQiOwQg8r7UmheqrG5znu6', NULL, 'EMAIL', 'deepa.shetty' ),
	( 10000011, 0, 'sai.rastogi@example.com', '$2a$10$5s9xbuNG60CXT0S7SxLyY.jpFJhFOduZQiOwQg8r7UmheqrG5znu6', NULL, 'EMAIL', 'sai.rastogi' ),
	( 10000012, 0, 'kiran.singh@example.com', '$2a$10$5s9xbuNG60CXT0S7SxLyY.jpFJhFOduZQiOwQg8r7UmheqrG5znu6', NULL, 'EMAIL', 'kiran.singh' ),
	( 10000013, 0, 'ravi.lal@example.com', '$2a$10$5s9xbuNG60CXT0S7SxLyY.jpFJhFOduZQiOwQg8r7UmheqrG5znu6', NULL, 'EMAIL', 'ravi.lal' ),
	( 10000014, 0, 'arjun.lal@example.com', '$2a$10$5s9xbuNG60CXT0S7SxLyY.jpFJhFOduZQiOwQg8r7UmheqrG5znu6', NULL, 'EMAIL', 'arjun.lal' ),
	( 10000015, 0, 'kartik.das@example.com', '$2a$10$5s9xbuNG60CXT0S7SxLyY.jpFJhFOduZQiOwQg8r7UmheqrG5znu6', NULL, 'EMAIL', 'kartik.das' ),
	( 10000016, 0, 'ishita.kapoor@example.com', '$2a$10$5s9xbuNG60CXT0S7SxLyY.jpFJhFOduZQiOwQg8r7UmheqrG5znu6', NULL, 'EMAIL', 'ishita.kapoor' ),
	( 10000017, 0, 'rahul.kulkarni@example.com', '$2a$10$5s9xbuNG60CXT0S7SxLyY.jpFJhFOduZQiOwQg8r7UmheqrG5znu6', NULL, 'EMAIL', 'rahul.kulkarni' ),
	( 10000018, 0, 'vihaan.dubey@example.com', '$2a$10$5s9xbuNG60CXT0S7SxLyY.jpFJhFOduZQiOwQg8r7UmheqrG5znu6', NULL, 'EMAIL', 'vihaan.dubey' ),
	( 10000019, 0, 'rhea.reddy@example.com', '$2a$10$5s9xbuNG60CXT0S7SxLyY.jpFJhFOduZQiOwQg8r7UmheqrG5znu6', NULL, 'EMAIL', 'rhea.reddy' ),
	( 10000020, 0, 'sai.reddy@example.com', '$2a$10$5s9xbuNG60CXT0S7SxLyY.jpFJhFOduZQiOwQg8r7UmheqrG5znu6', NULL, 'EMAIL', 'sai.reddy' ),
	( 10000021, 0, 'kiran.bhargava@example.com', '$2a$10$5s9xbuNG60CXT0S7SxLyY.jpFJhFOduZQiOwQg8r7UmheqrG5znu6', NULL, 'EMAIL', 'kiran.bhargava' ),
	( 10000022, 0, 'krishna.lal@example.com', '$2a$10$5s9xbuNG60CXT0S7SxLyY.jpFJhFOduZQiOwQg8r7UmheqrG5znu6', NULL, 'EMAIL', 'krishna.lal' ),
	( 10000023, 0, 'tanvi.yadav@example.com', '$2a$10$5s9xbuNG60CXT0S7SxLyY.jpFJhFOduZQiOwQg8r7UmheqrG5znu6', NULL, 'EMAIL', 'tanvi.yadav' ),
	( 10000024, 0, 'priya.patel@example.com', '$2a$10$5s9xbuNG60CXT0S7SxLyY.jpFJhFOduZQiOwQg8r7UmheqrG5znu6', NULL, 'EMAIL', 'priya.patel' ),
	( 10000025, 0, 'lata.reddy@example.com', '$2a$10$5s9xbuNG60CXT0S7SxLyY.jpFJhFOduZQiOwQg8r7UmheqrG5znu6', NULL, 'EMAIL', 'lata.reddy' ),
	( 10000026, 0, 'aanya.roy@example.com', '$2a$10$5s9xbuNG60CXT0S7SxLyY.jpFJhFOduZQiOwQg8r7UmheqrG5znu6', NULL, 'EMAIL', 'aanya.roy' ),
	( 10000027, 0, 'ravi.venkatesh@example.com', '$2a$10$5s9xbuNG60CXT0S7SxLyY.jpFJhFOduZQiOwQg8r7UmheqrG5znu6', NULL, 'EMAIL', 'ravi.venkatesh' ),
	( 10000028, 0, 'arjun.mehta@example.com', '$2a$10$5s9xbuNG60CXT0S7SxLyY.jpFJhFOduZQiOwQg8r7UmheqrG5znu6', NULL, 'EMAIL', 'arjun.mehta' ),
	( 10000029, 0, 'krishna.agarwal@example.com', '$2a$10$5s9xbuNG60CXT0S7SxLyY.jpFJhFOduZQiOwQg8r7UmheqrG5znu6', NULL, 'EMAIL', 'krishna.agarwal' ),
	( 10000030, 0, 'priya.roy@example.com', '$2a$10$5s9xbuNG60CXT0S7SxLyY.jpFJhFOduZQiOwQg8r7UmheqrG5znu6', NULL, 'EMAIL', 'priya.roy' ),
	( 10000031, 0, 'kavya.mehta@example.com', '$2a$10$5s9xbuNG60CXT0S7SxLyY.jpFJhFOduZQiOwQg8r7UmheqrG5znu6', NULL, 'EMAIL', 'kavya.mehta' ),
	( 10000032, 0, 'diya.mishra@example.com', '$2a$10$5s9xbuNG60CXT0S7SxLyY.jpFJhFOduZQiOwQg8r7UmheqrG5znu6', NULL, 'EMAIL', 'diya.mishra' ),
	( 10000033, 0, 'krishna.bhat@example.com', '$2a$10$5s9xbuNG60CXT0S7SxLyY.jpFJhFOduZQiOwQg8r7UmheqrG5znu6', NULL, 'EMAIL', 'krishna.bhat' ),
	( 10000034, 0, 'aditi.venkatesh@example.com', '$2a$10$5s9xbuNG60CXT0S7SxLyY.jpFJhFOduZQiOwQg8r7UmheqrG5znu6', NULL, 'EMAIL', 'aditi.venkatesh' ),
	( 10000035, 0, 'tanvi.pathak@example.com', '$2a$10$5s9xbuNG60CXT0S7SxLyY.jpFJhFOduZQiOwQg8r7UmheqrG5znu6', NULL, 'EMAIL', 'tanvi.pathak' ),
	( 10000036, 0, 'jyoti.bajaj@example.com', '$2a$10$5s9xbuNG60CXT0S7SxLyY.jpFJhFOduZQiOwQg8r7UmheqrG5znu6', NULL, 'EMAIL', 'jyoti.bajaj' ),
	( 10000037, 0, 'pooja.mehta@example.com', '$2a$10$5s9xbuNG60CXT0S7SxLyY.jpFJhFOduZQiOwQg8r7UmheqrG5znu6', NULL, 'EMAIL', 'pooja.mehta' ),
	( 10000038, 0, 'aditya.reddy@example.com', '$2a$10$5s9xbuNG60CXT0S7SxLyY.jpFJhFOduZQiOwQg8r7UmheqrG5znu6', NULL, 'EMAIL', 'aditya.reddy' ),
	( 10000039, 0, 'tanvi.purohit@example.com', '$2a$10$5s9xbuNG60CXT0S7SxLyY.jpFJhFOduZQiOwQg8r7UmheqrG5znu6', NULL, 'EMAIL', 'tanvi.purohit' ),
	( 10000040, 0, 'aditi.purohit@example.com', '$2a$10$5s9xbuNG60CXT0S7SxLyY.jpFJhFOduZQiOwQg8r7UmheqrG5znu6', NULL, 'EMAIL', 'aditi.purohit' ),
	( 10000041, 0, 'harsh.saxena@example.com', '$2a$10$5s9xbuNG60CXT0S7SxLyY.jpFJhFOduZQiOwQg8r7UmheqrG5znu6', NULL, 'EMAIL', 'harsh.saxena' ),
	( 10000042, 0, 'vivaan.purohit@example.com', '$2a$10$5s9xbuNG60CXT0S7SxLyY.jpFJhFOduZQiOwQg8r7UmheqrG5znu6', NULL, 'EMAIL', 'vivaan.purohit' ),
	( 10000043, 0, 'meera.gupta@example.com', '$2a$10$5s9xbuNG60CXT0S7SxLyY.jpFJhFOduZQiOwQg8r7UmheqrG5znu6', NULL, 'EMAIL', 'meera.gupta' ),
	( 10000044, 0, 'pooja.kaushik@example.com', '$2a$10$5s9xbuNG60CXT0S7SxLyY.jpFJhFOduZQiOwQg8r7UmheqrG5znu6', NULL, 'EMAIL', 'pooja.kaushik' ),
	( 10000045, 0, 'sunita.joshi@example.com', '$2a$10$5s9xbuNG60CXT0S7SxLyY.jpFJhFOduZQiOwQg8r7UmheqrG5znu6', NULL, 'EMAIL', 'sunita.joshi' ),
	( 10000046, 0, 'ananya.iyer@example.com', '$2a$10$5s9xbuNG60CXT0S7SxLyY.jpFJhFOduZQiOwQg8r7UmheqrG5znu6', NULL, 'EMAIL', 'ananya.iyer' ),
	( 10000047, 0, 'siddharth.yadav@example.com', '$2a$10$5s9xbuNG60CXT0S7SxLyY.jpFJhFOduZQiOwQg8r7UmheqrG5znu6', NULL, 'EMAIL', 'siddharth.yadav' ),
	( 10000048, 0, 'aditi.dubey@example.com', '$2a$10$5s9xbuNG60CXT0S7SxLyY.jpFJhFOduZQiOwQg8r7UmheqrG5znu6', NULL, 'EMAIL', 'aditi.dubey' ),
	( 10000049, 0, 'anil.naik@example.com', '$2a$10$5s9xbuNG60CXT0S7SxLyY.jpFJhFOduZQiOwQg8r7UmheqrG5znu6', NULL, 'EMAIL', 'anil.naik' ),
	( 10000050, 0, 'aditi.chatterjee@example.com', '$2a$10$5s9xbuNG60CXT0S7SxLyY.jpFJhFOduZQiOwQg8r7UmheqrG5znu6', NULL, 'EMAIL', 'aditi.chatterjee' ),
	( 10000051, 0, 'manish.jain@example.com', '$2a$10$5s9xbuNG60CXT0S7SxLyY.jpFJhFOduZQiOwQg8r7UmheqrG5znu6', NULL, 'EMAIL', 'manish.jain' ),
	( 10000052, 0, 'sanjay.jain@example.com', '$2a$10$5s9xbuNG60CXT0S7SxLyY.jpFJhFOduZQiOwQg8r7UmheqrG5znu6', NULL, 'EMAIL', 'sanjay.jain' ),
	( 10000053, 0, 'rajesh.jain@example.com', '$2a$10$5s9xbuNG60CXT0S7SxLyY.jpFJhFOduZQiOwQg8r7UmheqrG5znu6', NULL, 'EMAIL', 'rajesh.jain' ),
	( 10000054, 0, 'sunil.jain@example.com', '$2a$10$5s9xbuNG60CXT0S7SxLyY.jpFJhFOduZQiOwQg8r7UmheqrG5znu6', NULL, 'EMAIL', 'sunil.jain' ),
	( 10000055, 0, 'mukesh.jain@example.com', '$2a$10$5s9xbuNG60CXT0S7SxLyY.jpFJhFOduZQiOwQg8r7UmheqrG5znu6', NULL, 'EMAIL', 'mukesh.jain' ),
	( 10000056, 0, 'kavita.jain@example.com', '$2a$10$5s9xbuNG60CXT0S7SxLyY.jpFJhFOduZQiOwQg8r7UmheqrG5znu6', NULL, 'EMAIL', 'kavita.jain' ),
	( 10000057, 0, 'savita.jain@example.com', '$2a$10$5s9xbuNG60CXT0S7SxLyY.jpFJhFOduZQiOwQg8r7UmheqrG5znu6', NULL, 'EMAIL', 'savita.jain' ),
	( 10000058, 0, 'rekha.jain@example.com', '$2a$10$5s9xbuNG60CXT0S7SxLyY.jpFJhFOduZQiOwQg8r7UmheqrG5znu6', NULL, 'EMAIL', 'rekha.jain' ),
	( 10000059, 0, 'geeta.jain@example.com', '$2a$10$5s9xbuNG60CXT0S7SxLyY.jpFJhFOduZQiOwQg8r7UmheqrG5znu6', NULL, 'EMAIL', 'geeta.jain' ),
	( 10000060, 0, 'neeta.jain@example.com', '$2a$10$5s9xbuNG60CXT0S7SxLyY.jpFJhFOduZQiOwQg8r7UmheqrG5znu6', NULL, 'EMAIL', 'neeta.jain' ),
	( 10000061, 0, 'manish.shah@example.com', '$2a$10$5s9xbuNG60CXT0S7SxLyY.jpFJhFOduZQiOwQg8r7UmheqrG5znu6', NULL, 'EMAIL', 'manish.shah' ),
	( 10000062, 0, 'sanjay.shah@example.com', '$2a$10$5s9xbuNG60CXT0S7SxLyY.jpFJhFOduZQiOwQg8r7UmheqrG5znu6', NULL, 'EMAIL', 'sanjay.shah' ),
	( 10000063, 0, 'rajesh.shah@example.com', '$2a$10$5s9xbuNG60CXT0S7SxLyY.jpFJhFOduZQiOwQg8r7UmheqrG5znu6', NULL, 'EMAIL', 'rajesh.shah' ),
	( 10000064, 0, 'sunil.shah@example.com', '$2a$10$5s9xbuNG60CXT0S7SxLyY.jpFJhFOduZQiOwQg8r7UmheqrG5znu6', NULL, 'EMAIL', 'sunil.shah' ),
	( 10000065, 0, 'mukesh.shah@example.com', '$2a$10$5s9xbuNG60CXT0S7SxLyY.jpFJhFOduZQiOwQg8r7UmheqrG5znu6', NULL, 'EMAIL', 'mukesh.shah' ),
	( 10000066, 0, 'kavita.shah@example.com', '$2a$10$5s9xbuNG60CXT0S7SxLyY.jpFJhFOduZQiOwQg8r7UmheqrG5znu6', NULL, 'EMAIL', 'kavita.shah' ),
	( 10000067, 0, 'savita.shah@example.com', '$2a$10$5s9xbuNG60CXT0S7SxLyY.jpFJhFOduZQiOwQg8r7UmheqrG5znu6', NULL, 'EMAIL', 'savita.shah' ),
	( 10000068, 0, 'rekha.shah@example.com', '$2a$10$5s9xbuNG60CXT0S7SxLyY.jpFJhFOduZQiOwQg8r7UmheqrG5znu6', NULL, 'EMAIL', 'rekha.shah' ),
	( 10000069, 0, 'geeta.shah@example.com', '$2a$10$5s9xbuNG60CXT0S7SxLyY.jpFJhFOduZQiOwQg8r7UmheqrG5znu6', NULL, 'EMAIL', 'geeta.shah' ),
	( 10000070, 0, 'neeta.shah@example.com', '$2a$10$5s9xbuNG60CXT0S7SxLyY.jpFJhFOduZQiOwQg8r7UmheqrG5znu6', NULL, 'EMAIL', 'neeta.shah' ),
	( 10000071, 0, 'manish.desai@example.com', '$2a$10$5s9xbuNG60CXT0S7SxLyY.jpFJhFOduZQiOwQg8r7UmheqrG5znu6', NULL, 'EMAIL', 'manish.desai' ),
	( 10000072, 0, 'sanjay.desai@example.com', '$2a$10$5s9xbuNG60CXT0S7SxLyY.jpFJhFOduZQiOwQg8r7UmheqrG5znu6', NULL, 'EMAIL', 'sanjay.desai' ),
	( 10000073, 0, 'rajesh.desai@example.com', '$2a$10$5s9xbuNG60CXT0S7SxLyY.jpFJhFOduZQiOwQg8r7UmheqrG5znu6', NULL, 'EMAIL', 'rajesh.desai' ),
	( 10000074, 0, 'sunil.desai@example.com', '$2a$10$5s9xbuNG60CXT0S7SxLyY.jpFJhFOduZQiOwQg8r7UmheqrG5znu6', NULL, 'EMAIL', 'sunil.desai' ),
	( 10000075, 0, 'mukesh.desai@example.com', '$2a$10$5s9xbuNG60CXT0S7SxLyY.jpFJhFOduZQiOwQg8r7UmheqrG5znu6', NULL, 'EMAIL', 'mukesh.desai' ),
	( 10000076, 0, 'kavita.desai@example.com', '$2a$10$5s9xbuNG60CXT0S7SxLyY.jpFJhFOduZQiOwQg8r7UmheqrG5znu6', NULL, 'EMAIL', 'kavita.desai' ),
	( 10000077, 0, 'savita.desai@example.com', '$2a$10$5s9xbuNG60CXT0S7SxLyY.jpFJhFOduZQiOwQg8r7UmheqrG5znu6', NULL, 'EMAIL', 'savita.desai' ),
	( 10000078, 0, 'rekha.desai@example.com', '$2a$10$5s9xbuNG60CXT0S7SxLyY.jpFJhFOduZQiOwQg8r7UmheqrG5znu6', NULL, 'EMAIL', 'rekha.desai' ),
	( 10000079, 0, 'geeta.desai@example.com', '$2a$10$5s9xbuNG60CXT0S7SxLyY.jpFJhFOduZQiOwQg8r7UmheqrG5znu6', NULL, 'EMAIL', 'geeta.desai' ),
	( 10000080, 0, 'neeta.desai@example.com', '$2a$10$5s9xbuNG60CXT0S7SxLyY.jpFJhFOduZQiOwQg8r7UmheqrG5znu6', NULL, 'EMAIL', 'neeta.desai' ),
	( 10000081, 0, 'manish.parekh@example.com', '$2a$10$5s9xbuNG60CXT0S7SxLyY.jpFJhFOduZQiOwQg8r7UmheqrG5znu6', NULL, 'EMAIL', 'manish.parekh' ),
	( 10000082, 0, 'sanjay.parekh@example.com', '$2a$10$5s9xbuNG60CXT0S7SxLyY.jpFJhFOduZQiOwQg8r7UmheqrG5znu6', NULL, 'EMAIL', 'sanjay.parekh' ),
	( 10000083, 0, 'rajesh.parekh@example.com', '$2a$10$5s9xbuNG60CXT0S7SxLyY.jpFJhFOduZQiOwQg8r7UmheqrG5znu6', NULL, 'EMAIL', 'rajesh.parekh' ),
	( 10000084, 0, 'sunil.parekh@example.com', '$2a$10$5s9xbuNG60CXT0S7SxLyY.jpFJhFOduZQiOwQg8r7UmheqrG5znu6', NULL, 'EMAIL', 'sunil.parekh' ),
	( 10000085, 0, 'mukesh.parekh@example.com', '$2a$10$5s9xbuNG60CXT0S7SxLyY.jpFJhFOduZQiOwQg8r7UmheqrG5znu6', NULL, 'EMAIL', 'mukesh.parekh' ),
	( 10000086, 0, 'kavita.parekh@example.com', '$2a$10$5s9xbuNG60CXT0S7SxLyY.jpFJhFOduZQiOwQg8r7UmheqrG5znu6', NULL, 'EMAIL', 'kavita.parekh' ),
	( 10000087, 0, 'savita.parekh@example.com', '$2a$10$5s9xbuNG60CXT0S7SxLyY.jpFJhFOduZQiOwQg8r7UmheqrG5znu6', NULL, 'EMAIL', 'savita.parekh' ),
	( 10000088, 0, 'rekha.parekh@example.com', '$2a$10$5s9xbuNG60CXT0S7SxLyY.jpFJhFOduZQiOwQg8r7UmheqrG5znu6', NULL, 'EMAIL', 'rekha.parekh' ),
	( 10000089, 0, 'geeta.parekh@example.com', '$2a$10$5s9xbuNG60CXT0S7SxLyY.jpFJhFOduZQiOwQg8r7UmheqrG5znu6', NULL, 'EMAIL', 'geeta.parekh' ),
	( 10000090, 0, 'neeta.parekh@example.com', '$2a$10$5s9xbuNG60CXT0S7SxLyY.jpFJhFOduZQiOwQg8r7UmheqrG5znu6', NULL, 'EMAIL', 'neeta.parekh' ),
	( 10000091, 0, 'manish.dalal@example.com', '$2a$10$5s9xbuNG60CXT0S7SxLyY.jpFJhFOduZQiOwQg8r7UmheqrG5znu6', NULL, 'EMAIL', 'manish.dalal' ),
	( 10000092, 0, 'sanjay.dalal@example.com', '$2a$10$5s9xbuNG60CXT0S7SxLyY.jpFJhFOduZQiOwQg8r7UmheqrG5znu6', NULL, 'EMAIL', 'sanjay.dalal' ),
	( 10000093, 0, 'rajesh.dalal@example.com', '$2a$10$5s9xbuNG60CXT0S7SxLyY.jpFJhFOduZQiOwQg8r7UmheqrG5znu6', NULL, 'EMAIL', 'rajesh.dalal' ),
	( 10000094, 0, 'sunil.dalal@example.com', '$2a$10$5s9xbuNG60CXT0S7SxLyY.jpFJhFOduZQiOwQg8r7UmheqrG5znu6', NULL, 'EMAIL', 'sunil.dalal' ),
	( 10000095, 0, 'mukesh.dalal@example.com', '$2a$10$5s9xbuNG60CXT0S7SxLyY.jpFJhFOduZQiOwQg8r7UmheqrG5znu6', NULL, 'EMAIL', 'mukesh.dalal' ),
	( 10000096, 0, 'kavita.dalal@example.com', '$2a$10$5s9xbuNG60CXT0S7SxLyY.jpFJhFOduZQiOwQg8r7UmheqrG5znu6', NULL, 'EMAIL', 'kavita.dalal' ),
	( 10000097, 0, 'savita.dalal@example.com', '$2a$10$5s9xbuNG60CXT0S7SxLyY.jpFJhFOduZQiOwQg8r7UmheqrG5znu6', NULL, 'EMAIL', 'savita.dalal' ),
	( 10000098, 0, 'rekha.dalal@example.com', '$2a$10$5s9xbuNG60CXT0S7SxLyY.jpFJhFOduZQiOwQg8r7UmheqrG5znu6', NULL, 'EMAIL', 'rekha.dalal' ),
	( 10000099, 0, 'geeta.dalal@example.com', '$2a$10$5s9xbuNG60CXT0S7SxLyY.jpFJhFOduZQiOwQg8r7UmheqrG5znu6', NULL, 'EMAIL', 'geeta.dalal' ),
	( 10000100, 0, 'neeta.dalal@example.com', '$2a$10$5s9xbuNG60CXT0S7SxLyY.jpFJhFOduZQiOwQg8r7UmheqrG5znu6', NULL, 'EMAIL', 'neeta.dalal' ),
	( 10000101, 0, 'manish.mistry@example.com', '$2a$10$5s9xbuNG60CXT0S7SxLyY.jpFJhFOduZQiOwQg8r7UmheqrG5znu6', NULL, 'EMAIL', 'manish.mistry' ),
	( 10000102, 0, 'sanjay.mistry@example.com', '$2a$10$5s9xbuNG60CXT0S7SxLyY.jpFJhFOduZQiOwQg8r7UmheqrG5znu6', NULL, 'EMAIL', 'sanjay.mistry' ),
	( 10000103, 0, 'rajesh.mistry@example.com', '$2a$10$5s9xbuNG60CXT0S7SxLyY.jpFJhFOduZQiOwQg8r7UmheqrG5znu6', NULL, 'EMAIL', 'rajesh.mistry' ),
	( 10000104, 0, 'sunil.mistry@example.com', '$2a$10$5s9xbuNG60CXT0S7SxLyY.jpFJhFOduZQiOwQg8r7UmheqrG5znu6', NULL, 'EMAIL', 'sunil.mistry' ),
	( 10000105, 0, 'mukesh.mistry@example.com', '$2a$10$5s9xbuNG60CXT0S7SxLyY.jpFJhFOduZQiOwQg8r7UmheqrG5znu6', NULL, 'EMAIL', 'mukesh.mistry' ),
	( 10000106, 0, 'kavita.mistry@example.com', '$2a$10$5s9xbuNG60CXT0S7SxLyY.jpFJhFOduZQiOwQg8r7UmheqrG5znu6', NULL, 'EMAIL', 'kavita.mistry' ),
	( 10000107, 0, 'savita.mistry@example.com', '$2a$10$5s9xbuNG60CXT0S7SxLyY.jpFJhFOduZQiOwQg8r7UmheqrG5znu6', NULL, 'EMAIL', 'savita.mistry' ),
	( 10000108, 0, 'rekha.mistry@example.com', '$2a$10$5s9xbuNG60CXT0S7SxLyY.jpFJhFOduZQiOwQg8r7UmheqrG5znu6', NULL, 'EMAIL', 'rekha.mistry' ),
	( 10000109, 0, 'geeta.mistry@example.com', '$2a$10$5s9xbuNG60CXT0S7SxLyY.jpFJhFOduZQiOwQg8r7UmheqrG5znu6', NULL, 'EMAIL', 'geeta.mistry' ),
	( 10000110, 0, 'neeta.mistry@example.com', '$2a$10$5s9xbuNG60CXT0S7SxLyY.jpFJhFOduZQiOwQg8r7UmheqrG5znu6', NULL, 'EMAIL', 'neeta.mistry' ),
	( 10000111, 0, 'manish.trivedi@example.com', '$2a$10$5s9xbuNG60CXT0S7SxLyY.jpFJhFOduZQiOwQg8r7UmheqrG5znu6', NULL, 'EMAIL', 'manish.trivedi' ),
	( 10000112, 0, 'sanjay.trivedi@example.com', '$2a$10$5s9xbuNG60CXT0S7SxLyY.jpFJhFOduZQiOwQg8r7UmheqrG5znu6', NULL, 'EMAIL', 'sanjay.trivedi' ),
	( 10000113, 0, 'rajesh.trivedi@example.com', '$2a$10$5s9xbuNG60CXT0S7SxLyY.jpFJhFOduZQiOwQg8r7UmheqrG5znu6', NULL, 'EMAIL', 'rajesh.trivedi' ),
	( 10000114, 0, 'sunil.trivedi@example.com', '$2a$10$5s9xbuNG60CXT0S7SxLyY.jpFJhFOduZQiOwQg8r7UmheqrG5znu6', NULL, 'EMAIL', 'sunil.trivedi' ),
	( 10000115, 0, 'mukesh.trivedi@example.com', '$2a$10$5s9xbuNG60CXT0S7SxLyY.jpFJhFOduZQiOwQg8r7UmheqrG5znu6', NULL, 'EMAIL', 'mukesh.trivedi' ),
	( 10000116, 0, 'kavita.trivedi@example.com', '$2a$10$5s9xbuNG60CXT0S7SxLyY.jpFJhFOduZQiOwQg8r7UmheqrG5znu6', NULL, 'EMAIL', 'kavita.trivedi' ),
	( 10000117, 0, 'savita.trivedi@example.com', '$2a$10$5s9xbuNG60CXT0S7SxLyY.jpFJhFOduZQiOwQg8r7UmheqrG5znu6', NULL, 'EMAIL', 'savita.trivedi' ),
	( 10000118, 0, 'rekha.trivedi@example.com', '$2a$10$5s9xbuNG60CXT0S7SxLyY.jpFJhFOduZQiOwQg8r7UmheqrG5znu6', NULL, 'EMAIL', 'rekha.trivedi' ),
	( 10000119, 0, 'geeta.trivedi@example.com', '$2a$10$5s9xbuNG60CXT0S7SxLyY.jpFJhFOduZQiOwQg8r7UmheqrG5znu6', NULL, 'EMAIL', 'geeta.trivedi' ),
	( 10000120, 0, 'neeta.trivedi@example.com', '$2a$10$5s9xbuNG60CXT0S7SxLyY.jpFJhFOduZQiOwQg8r7UmheqrG5znu6', NULL, 'EMAIL', 'neeta.trivedi' ),
	( 10000121, 0, 'manish.vyas@example.com', '$2a$10$5s9xbuNG60CXT0S7SxLyY.jpFJhFOduZQiOwQg8r7UmheqrG5znu6', NULL, 'EMAIL', 'manish.vyas' ),
	( 10000122, 0, 'sanjay.vyas@example.com', '$2a$10$5s9xbuNG60CXT0S7SxLyY.jpFJhFOduZQiOwQg8r7UmheqrG5znu6', NULL, 'EMAIL', 'sanjay.vyas' ),
	( 10000123, 0, 'rajesh.vyas@example.com', '$2a$10$5s9xbuNG60CXT0S7SxLyY.jpFJhFOduZQiOwQg8r7UmheqrG5znu6', NULL, 'EMAIL', 'rajesh.vyas' ),
	( 10000124, 0, 'sunil.vyas@example.com', '$2a$10$5s9xbuNG60CXT0S7SxLyY.jpFJhFOduZQiOwQg8r7UmheqrG5znu6', NULL, 'EMAIL', 'sunil.vyas' ),
	( 10000125, 0, 'mukesh.vyas@example.com', '$2a$10$5s9xbuNG60CXT0S7SxLyY.jpFJhFOduZQiOwQg8r7UmheqrG5znu6', NULL, 'EMAIL', 'mukesh.vyas' ),
	( 10000126, 0, 'kavita.vyas@example.com', '$2a$10$5s9xbuNG60CXT0S7SxLyY.jpFJhFOduZQiOwQg8r7UmheqrG5znu6', NULL, 'EMAIL', 'kavita.vyas' ),
	( 10000127, 0, 'savita.vyas@example.com', '$2a$10$5s9xbuNG60CXT0S7SxLyY.jpFJhFOduZQiOwQg8r7UmheqrG5znu6', NULL, 'EMAIL', 'savita.vyas' ),
	( 10000128, 0, 'rekha.vyas@example.com', '$2a$10$5s9xbuNG60CXT0S7SxLyY.jpFJhFOduZQiOwQg8r7UmheqrG5znu6', NULL, 'EMAIL', 'rekha.vyas' ),
	( 10000129, 0, 'geeta.vyas@example.com', '$2a$10$5s9xbuNG60CXT0S7SxLyY.jpFJhFOduZQiOwQg8r7UmheqrG5znu6', NULL, 'EMAIL', 'geeta.vyas' ),
	( 10000130, 0, 'neeta.vyas@example.com', '$2a$10$5s9xbuNG60CXT0S7SxLyY.jpFJhFOduZQiOwQg8r7UmheqrG5znu6', NULL, 'EMAIL', 'neeta.vyas' ),
	( 10000131, 0, 'manish.chauhan@example.com', '$2a$10$5s9xbuNG60CXT0S7SxLyY.jpFJhFOduZQiOwQg8r7UmheqrG5znu6', NULL, 'EMAIL', 'manish.chauhan' ),
	( 10000132, 0, 'sanjay.chauhan@example.com', '$2a$10$5s9xbuNG60CXT0S7SxLyY.jpFJhFOduZQiOwQg8r7UmheqrG5znu6', NULL, 'EMAIL', 'sanjay.chauhan' ),
	( 10000133, 0, 'rajesh.chauhan@example.com', '$2a$10$5s9xbuNG60CXT0S7SxLyY.jpFJhFOduZQiOwQg8r7UmheqrG5znu6', NULL, 'EMAIL', 'rajesh.chauhan' ),
	( 10000134, 0, 'sunil.chauhan@example.com', '$2a$10$5s9xbuNG60CXT0S7SxLyY.jpFJhFOduZQiOwQg8r7UmheqrG5znu6', NULL, 'EMAIL', 'sunil.chauhan' ),
	( 10000135, 0, 'mukesh.chauhan@example.com', '$2a$10$5s9xbuNG60CXT0S7SxLyY.jpFJhFOduZQiOwQg8r7UmheqrG5znu6', NULL, 'EMAIL', 'mukesh.chauhan' ),
	( 10000136, 0, 'kavita.chauhan@example.com', '$2a$10$5s9xbuNG60CXT0S7SxLyY.jpFJhFOduZQiOwQg8r7UmheqrG5znu6', NULL, 'EMAIL', 'kavita.chauhan' ),
	( 10000137, 0, 'savita.chauhan@example.com', '$2a$10$5s9xbuNG60CXT0S7SxLyY.jpFJhFOduZQiOwQg8r7UmheqrG5znu6', NULL, 'EMAIL', 'savita.chauhan' ),
	( 10000138, 0, 'rekha.chauhan@example.com', '$2a$10$5s9xbuNG60CXT0S7SxLyY.jpFJhFOduZQiOwQg8r7UmheqrG5znu6', NULL, 'EMAIL', 'rekha.chauhan' ),
	( 10000139, 0, 'geeta.chauhan@example.com', '$2a$10$5s9xbuNG60CXT0S7SxLyY.jpFJhFOduZQiOwQg8r7UmheqrG5znu6', NULL, 'EMAIL', 'geeta.chauhan' ),
	( 10000140, 0, 'neeta.chauhan@example.com', '$2a$10$5s9xbuNG60CXT0S7SxLyY.jpFJhFOduZQiOwQg8r7UmheqrG5znu6', NULL, 'EMAIL', 'neeta.chauhan' ),
	( 10000141, 0, 'manish.chawla@example.com', '$2a$10$5s9xbuNG60CXT0S7SxLyY.jpFJhFOduZQiOwQg8r7UmheqrG5znu6', NULL, 'EMAIL', 'manish.chawla' ),
	( 10000142, 0, 'sanjay.chawla@example.com', '$2a$10$5s9xbuNG60CXT0S7SxLyY.jpFJhFOduZQiOwQg8r7UmheqrG5znu6', NULL, 'EMAIL', 'sanjay.chawla' ),
	( 10000143, 0, 'rajesh.chawla@example.com', '$2a$10$5s9xbuNG60CXT0S7SxLyY.jpFJhFOduZQiOwQg8r7UmheqrG5znu6', NULL, 'EMAIL', 'rajesh.chawla' ),
	( 10000144, 0, 'sunil.chawla@example.com', '$2a$10$5s9xbuNG60CXT0S7SxLyY.jpFJhFOduZQiOwQg8r7UmheqrG5znu6', NULL, 'EMAIL', 'sunil.chawla' ),
	( 10000145, 0, 'mukesh.chawla@example.com', '$2a$10$5s9xbuNG60CXT0S7SxLyY.jpFJhFOduZQiOwQg8r7UmheqrG5znu6', NULL, 'EMAIL', 'mukesh.chawla' ),
	( 10000146, 0, 'kavita.chawla@example.com', '$2a$10$5s9xbuNG60CXT0S7SxLyY.jpFJhFOduZQiOwQg8r7UmheqrG5znu6', NULL, 'EMAIL', 'kavita.chawla' ),
	( 10000147, 0, 'savita.chawla@example.com', '$2a$10$5s9xbuNG60CXT0S7SxLyY.jpFJhFOduZQiOwQg8r7UmheqrG5znu6', NULL, 'EMAIL', 'savita.chawla' ),
	( 10000148, 0, 'rekha.chawla@example.com', '$2a$10$5s9xbuNG60CXT0S7SxLyY.jpFJhFOduZQiOwQg8r7UmheqrG5znu6', NULL, 'EMAIL', 'rekha.chawla' ),
	( 10000149, 0, 'geeta.chawla@example.com', '$2a$10$5s9xbuNG60CXT0S7SxLyY.jpFJhFOduZQiOwQg8r7UmheqrG5znu6', NULL, 'EMAIL', 'geeta.chawla' ),
	( 10000150, 0, 'neeta.chawla@example.com', '$2a$10$5s9xbuNG60CXT0S7SxLyY.jpFJhFOduZQiOwQg8r7UmheqrG5znu6', NULL, 'EMAIL', 'neeta.chawla' );


insert into user_profile ( user_id, area, city, name, phone, pin, profileurl, reg_date, user_type )
	values
	( 100001, 'Koramangala', 'Bengaluru', 'Administrator', 8822630564, 748569, 'https://randomuser.me/api/portraits/men/1.jpg', '2014-01-01', 'ADMIN' ),
	( 100002, 'Lajpat Nagar', 'New Delhi', 'Delhi Office', 8822635623, 110006, 'https://randomuser.me/api/portraits/women/44.jpg', '2014-01-01', 'OFFICE' ),
	( 100003, 'Goregaon', 'Mumbai', 'Mumbai Office', 8856457895, 400059, 'https://randomuser.me/api/portraits/women/26.jpg', '2014-01-10', 'OFFICE' ),
	( 100004, 'Gomti Nagar', 'Lucknow', 'Lucknow Office', 9562589463, 226032, 'https://randomuser.me/api/portraits/women/39.jpg', '2014-01-15', 'OFFICE' ),
	( 100005, 'DD Nagar', 'Gwalior', 'Gwalior Office', 7985468952, 474020, 'https://randomuser.me/api/portraits/women/43.jpg', '2014-02-01', 'OFFICE' ),
	( 100006, 'Kamrup', 'Guwahati', 'Guwahati Office', 9856853542, 478115, 'https://randomuser.me/api/portraits/women/75.jpg', '2014-10-26', 'OFFICE' ),
	( 10000001, 'Connaught Place', 'New Delhi', 'Aditya Sharma', 9812345601, 110001, 'https://randomuser.me/api/portraits/men/42.jpg', '2015-05-31', 'USER' ),
	( 10000002, 'Connaught Place', 'New Delhi', 'Krishna Rastogi', 9812345602, 110001, 'https://randomuser.me/api/portraits/men/71.jpg', '2017-03-19', 'USER' ),
	( 10000003, 'Laxmi Ganj', 'Guwahati', 'Kiran Saxena', 9812345603, 781005, 'https://randomuser.me/api/portraits/women/8.jpg', '2019-07-25', 'AGENT' ),
	( 10000004, 'Connaught Place', 'New Delhi', 'Nikhil Das', 9812345604, 110001, 'https://randomuser.me/api/portraits/men/97.jpg', '2019-06-10', 'USER' ),
	( 10000005, 'Andheri', 'Mumbai', 'Nitya Dutta', 9812345605, 400053, 'https://randomuser.me/api/portraits/women/71.jpg', '2024-12-04', 'USER' ),
	( 10000006, 'Andheri', 'Mumbai', 'Shiv Dubey', 9812345606, 400053, 'https://randomuser.me/api/portraits/men/4.jpg', '2021-09-28', 'USER' ),
	( 10000007, 'Lashkar', 'Gwalior', 'Anushka Bhargava', 9812345607, 474001, 'https://randomuser.me/api/portraits/women/45.jpg', '2015-07-02', 'USER' ),
	( 10000008, 'Gomti Nagar', 'Lucknow', 'Nandini Patel', 9812345608, 226010, 'https://randomuser.me/api/portraits/women/8.jpg', '2023-05-06', 'AGENT' ),
	( 10000009, 'Andheri', 'Mumbai', 'Akhil Das', 9812345609, 400053, 'https://randomuser.me/api/portraits/men/56.jpg', '2021-02-12', 'AGENT' ),
	( 10000010, 'Connaught Place', 'New Delhi', 'Deepa Shetty', 9812345610, 110001, 'https://randomuser.me/api/portraits/women/59.jpg', '2016-08-29', 'USER' ),
	( 10000011, 'Lashkar', 'Gwalior', 'Sai Rastogi', 9812345611, 474001, 'https://randomuser.me/api/portraits/men/58.jpg', '2015-11-17', 'AGENT' ),
	( 10000012, 'Andheri', 'Mumbai', 'Kiran Singh', 9812345612, 400053, 'https://randomuser.me/api/portraits/women/22.jpg', '2023-12-22', 'USER' ),
	( 10000013, 'Lashkar', 'Gwalior', 'Ravi Lal', 9812345613, 474001, 'https://randomuser.me/api/portraits/men/23.jpg', '2016-02-24', 'USER' ),
	( 10000014, 'Lashkar', 'Gwalior', 'Arjun Lal', 9812345614, 474001, 'https://randomuser.me/api/portraits/men/31.jpg', '2024-07-19', 'USER' ),
	( 10000015, 'Connaught Place', 'New Delhi', 'Kartik Das', 9812345615, 110001, 'https://randomuser.me/api/portraits/men/92.jpg', '2014-10-04', 'USER' ),
	( 10000016, 'Laxmi Ganj', 'Guwahati', 'Ishita Kapoor', 9812345616, 781005, 'https://randomuser.me/api/portraits/women/71.jpg', '2024-10-31', 'AGENT' ),
	( 10000017, 'Gomti Nagar', 'Lucknow', 'Rahul Kulkarni', 9812345617, 226010, 'https://randomuser.me/api/portraits/men/69.jpg', '2023-02-26', 'USER' ),
	( 10000018, 'Lashkar', 'Gwalior', 'Vihaan Dubey', 9812345618, 474001, 'https://randomuser.me/api/portraits/men/60.jpg', '2014-06-10', 'USER' ),
	( 10000019, 'Gomti Nagar', 'Lucknow', 'Rhea Reddy', 9812345619, 226010, 'https://randomuser.me/api/portraits/women/24.jpg', '2022-01-28', 'USER' ),
	( 10000020, 'Andheri', 'Mumbai', 'Sai Reddy', 9812345620, 400053, 'https://randomuser.me/api/portraits/men/56.jpg', '2018-12-26', 'USER' ),
	( 10000021, 'Lashkar', 'Gwalior', 'Kiran Bhargava', 9812345621, 474001, 'https://randomuser.me/api/portraits/women/48.jpg', '2015-08-08', 'USER' ),
	( 10000022, 'Lashkar', 'Gwalior', 'Krishna Lal', 9812345622, 474001, 'https://randomuser.me/api/portraits/men/79.jpg', '2025-11-23', 'USER' ),
	( 10000023, 'Laxmi Ganj', 'Guwahati', 'Tanvi Yadav', 9812345623, 781005, 'https://randomuser.me/api/portraits/women/37.jpg', '2016-01-11', 'USER' ),
	( 10000024, 'Laxmi Ganj', 'Guwahati', 'Priya Patel', 9812345624, 781005, 'https://randomuser.me/api/portraits/women/55.jpg', '2024-06-28', 'USER' ),
	( 10000025, 'Connaught Place', 'New Delhi', 'Lata Reddy', 9812345625, 110001, 'https://randomuser.me/api/portraits/women/79.jpg', '2020-01-05', 'USER' ),
	( 10000026, 'Laxmi Ganj', 'Guwahati', 'Aanya Roy', 9812345626, 781005, 'https://randomuser.me/api/portraits/women/87.jpg', '2022-05-09', 'AGENT' ),
	( 10000027, 'Laxmi Ganj', 'Guwahati', 'Ravi Venkatesh', 9812345627, 781005, 'https://randomuser.me/api/portraits/men/73.jpg', '2017-11-10', 'USER' ),
	( 10000028, 'Lashkar', 'Gwalior', 'Arjun Mehta', 9812345628, 474001, 'https://randomuser.me/api/portraits/men/90.jpg', '2022-07-01', 'USER' ),
	( 10000029, 'Gomti Nagar', 'Lucknow', 'Krishna Agarwal', 9812345629, 226010, 'https://randomuser.me/api/portraits/men/29.jpg', '2020-05-07', 'USER' ),
	( 10000030, 'Lashkar', 'Gwalior', 'Priya Roy', 9812345630, 474001, 'https://randomuser.me/api/portraits/women/18.jpg', '2018-07-19', 'USER' ),
	( 10000031, 'Laxmi Ganj', 'Guwahati', 'Kavya Mehta', 9812345631, 781005, 'https://randomuser.me/api/portraits/women/95.jpg', '2022-06-11', 'USER' ),
	( 10000032, 'Andheri', 'Mumbai', 'Diya Mishra', 9812345632, 400053, 'https://randomuser.me/api/portraits/women/24.jpg', '2016-11-05', 'USER' ),
	( 10000033, 'Lashkar', 'Gwalior', 'Krishna Bhat', 9812345633, 474001, 'https://randomuser.me/api/portraits/men/83.jpg', '2025-07-23', 'USER' ),
	( 10000034, 'Connaught Place', 'New Delhi', 'Aditi Venkatesh', 9812345634, 110001, 'https://randomuser.me/api/portraits/women/49.jpg', '2014-10-18', 'USER' ),
	( 10000035, 'Andheri', 'Mumbai', 'Tanvi Pathak', 9812345635, 400053, 'https://randomuser.me/api/portraits/women/83.jpg', '2016-09-26', 'USER' ),
	( 10000036, 'Gomti Nagar', 'Lucknow', 'Jyoti Bajaj', 9812345636, 226010, 'https://randomuser.me/api/portraits/women/92.jpg', '2017-04-08', 'USER' ),
	( 10000037, 'Andheri', 'Mumbai', 'Pooja Mehta', 9812345637, 400053, 'https://randomuser.me/api/portraits/women/98.jpg', '2018-12-18', 'USER' ),
	( 10000038, 'Gomti Nagar', 'Lucknow', 'Aditya Reddy', 9812345638, 226010, 'https://randomuser.me/api/portraits/men/56.jpg', '2016-02-06', 'USER' ),
	( 10000039, 'Gomti Nagar', 'Lucknow', 'Tanvi Purohit', 9812345639, 226010, 'https://randomuser.me/api/portraits/women/52.jpg', '2020-11-28', 'USER' ),
	( 10000040, 'Lashkar', 'Gwalior', 'Aditi Purohit', 9812345640, 474001, 'https://randomuser.me/api/portraits/women/8.jpg', '2014-02-04', 'USER' ),
	( 10000041, 'Connaught Place', 'New Delhi', 'Harsh Saxena', 9812345641, 110001, 'https://randomuser.me/api/portraits/men/24.jpg', '2017-04-03', 'USER' ),
	( 10000042, 'Connaught Place', 'New Delhi', 'Vivaan Purohit', 9812345642, 110001, 'https://randomuser.me/api/portraits/men/70.jpg', '2023-09-15', 'USER' ),
	( 10000043, 'Laxmi Ganj', 'Guwahati', 'Meera Gupta', 9812345643, 781005, 'https://randomuser.me/api/portraits/women/81.jpg', '2025-03-28', 'USER' ),
	( 10000044, 'Andheri', 'Mumbai', 'Pooja Kaushik', 9812345644, 400053, 'https://randomuser.me/api/portraits/women/55.jpg', '2025-03-09', 'AGENT' ),
	( 10000045, 'Laxmi Ganj', 'Guwahati', 'Sunita Joshi', 9812345645, 781005, 'https://randomuser.me/api/portraits/women/19.jpg', '2017-08-31', 'USER' ),
	( 10000046, 'Gomti Nagar', 'Lucknow', 'Ananya Iyer', 9812345646, 226010, 'https://randomuser.me/api/portraits/women/66.jpg', '2017-09-06', 'USER' ),
	( 10000047, 'Andheri', 'Mumbai', 'Siddharth Yadav', 9812345647, 400053, 'https://randomuser.me/api/portraits/men/82.jpg', '2014-05-16', 'USER' ),
	( 10000048, 'Gomti Nagar', 'Lucknow', 'Aditi Dubey', 9812345648, 226010, 'https://randomuser.me/api/portraits/women/7.jpg', '2019-07-27', 'USER' ),
	( 10000049, 'Laxmi Ganj', 'Guwahati', 'Anil Naik', 9812345649, 781005, 'https://randomuser.me/api/portraits/men/58.jpg', '2016-09-16', 'AGENT' ),
	( 10000050, 'Connaught Place', 'New Delhi', 'Aditi Chatterjee', 9812345650, 110001, 'https://randomuser.me/api/portraits/women/88.jpg', '2024-07-22', 'USER' ),
	( 10000051, 'Laxmi Ganj', 'Guwahati', 'Manish Jain', 8168078235, 781005, 'https://randomuser.me/api/portraits/men/89.jpg', '2020-08-18', 'USER' ),
	( 10000052, 'Andheri', 'Mumbai', 'Sanjay Jain', 8482928980, 400053, 'https://randomuser.me/api/portraits/men/32.jpg', '2024-09-25', 'USER' ),
	( 10000053, 'Gomti Nagar', 'Lucknow', 'Rajesh Jain', 8771892548, 226010, 'https://randomuser.me/api/portraits/men/82.jpg', '2018-08-04', 'USER' ),
	( 10000054, 'Andheri', 'Mumbai', 'Sunil Jain', 6486050109, 400053, 'https://randomuser.me/api/portraits/men/79.jpg', '2024-08-25', 'USER' ),
	( 10000055, 'Gomti Nagar', 'Lucknow', 'Mukesh Jain', 9427307488, 226010, 'https://randomuser.me/api/portraits/men/61.jpg', '2014-03-23', 'USER' ),
	( 10000056, 'Andheri', 'Mumbai', 'Kavita Jain', 9812380409, 400053, 'https://randomuser.me/api/portraits/women/89.jpg', '2014-01-11', 'AGENT' ),
	( 10000057, 'Gomti Nagar', 'Lucknow', 'Savita Jain', 7607777784, 226010, 'https://randomuser.me/api/portraits/women/98.jpg', '2023-10-19', 'USER' ),
	( 10000058, 'Connaught Place', 'New Delhi', 'Rekha Jain', 8730276696, 110001, 'https://randomuser.me/api/portraits/women/71.jpg', '2019-01-16', 'USER' ),
	( 10000059, 'Andheri', 'Mumbai', 'Geeta Jain', 6482758707, 400053, 'https://randomuser.me/api/portraits/women/63.jpg', '2020-02-16', 'USER' ),
	( 10000060, 'Gomti Nagar', 'Lucknow', 'Neeta Jain', 7852778885, 226010, 'https://randomuser.me/api/portraits/women/62.jpg', '2018-11-15', 'USER' ),
	( 10000061, 'Gomti Nagar', 'Lucknow', 'Manish Shah', 9411174682, 226010, 'https://randomuser.me/api/portraits/men/39.jpg', '2014-11-14', 'AGENT' ),
	( 10000062, 'Andheri', 'Mumbai', 'Sanjay Shah', 6411517052, 400053, 'https://randomuser.me/api/portraits/men/43.jpg', '2018-05-25', 'USER' ),
	( 10000063, 'Connaught Place', 'New Delhi', 'Rajesh Shah', 7770668075, 110001, 'https://randomuser.me/api/portraits/men/99.jpg', '2025-04-21', 'USER' ),
	( 10000064, 'Andheri', 'Mumbai', 'Sunil Shah', 7259224955, 400053, 'https://randomuser.me/api/portraits/men/7.jpg', '2017-09-18', 'USER' ),
	( 10000065, 'Gomti Nagar', 'Lucknow', 'Mukesh Shah', 6398229251, 226010, 'https://randomuser.me/api/portraits/men/11.jpg', '2020-08-20', 'USER' ),
	( 10000066, 'Lashkar', 'Gwalior', 'Kavita Shah', 7078556322, 474001, 'https://randomuser.me/api/portraits/women/86.jpg', '2015-01-04', 'USER' ),
	( 10000067, 'Gomti Nagar', 'Lucknow', 'Savita Shah', 9703164132, 226010, 'https://randomuser.me/api/portraits/women/76.jpg', '2017-07-22', 'USER' ),
	( 10000068, 'Connaught Place', 'New Delhi', 'Rekha Shah', 7244947561, 110001, 'https://randomuser.me/api/portraits/women/68.jpg', '2023-09-12', 'USER' ),
	( 10000069, 'Laxmi Ganj', 'Guwahati', 'Geeta Shah', 6688601953, 781005, 'https://randomuser.me/api/portraits/women/13.jpg', '2022-04-04', 'AGENT' ),
	( 10000070, 'Gomti Nagar', 'Lucknow', 'Neeta Shah', 6825038302, 226010, 'https://randomuser.me/api/portraits/women/43.jpg', '2015-05-04', 'USER' ),
	( 10000071, 'Gomti Nagar', 'Lucknow', 'Manish Desai', 9108667896, 226010, 'https://randomuser.me/api/portraits/men/42.jpg', '2022-12-27', 'USER' ),
	( 10000072, 'Connaught Place', 'New Delhi', 'Sanjay Desai', 6996679682, 110001, 'https://randomuser.me/api/portraits/men/19.jpg', '2017-12-12', 'USER' ),
	( 10000073, 'Gomti Nagar', 'Lucknow', 'Rajesh Desai', 8033321435, 226010, 'https://randomuser.me/api/portraits/men/70.jpg', '2024-07-29', 'AGENT' ),
	( 10000074, 'Gomti Nagar', 'Lucknow', 'Sunil Desai', 6771364846, 226010, 'https://randomuser.me/api/portraits/men/20.jpg', '2015-04-21', 'USER' ),
	( 10000075, 'Laxmi Ganj', 'Guwahati', 'Mukesh Desai', 9242471172, 781005, 'https://randomuser.me/api/portraits/men/13.jpg', '2022-06-24', 'USER' ),
	( 10000076, 'Connaught Place', 'New Delhi', 'Kavita Desai', 7617031931, 110001, 'https://randomuser.me/api/portraits/women/79.jpg', '2015-03-16', 'USER' ),
	( 10000077, 'Laxmi Ganj', 'Guwahati', 'Savita Desai', 7988611874, 781005, 'https://randomuser.me/api/portraits/women/60.jpg', '2014-01-25', 'AGENT' ),
	( 10000078, 'Connaught Place', 'New Delhi', 'Rekha Desai', 6063154143, 110001, 'https://randomuser.me/api/portraits/women/40.jpg', '2018-03-29', 'AGENT' ),
	( 10000079, 'Lashkar', 'Gwalior', 'Geeta Desai', 6428651857, 474001, 'https://randomuser.me/api/portraits/women/23.jpg', '2020-11-07', 'USER' ),
	( 10000080, 'Gomti Nagar', 'Lucknow', 'Neeta Desai', 8577870197, 226010, 'https://randomuser.me/api/portraits/women/93.jpg', '2023-03-05', 'USER' ),
	( 10000081, 'Connaught Place', 'New Delhi', 'Manish Parekh', 9919114765, 110001, 'https://randomuser.me/api/portraits/men/20.jpg', '2016-07-05', 'USER' ),
	( 10000082, 'Connaught Place', 'New Delhi', 'Sanjay Parekh', 8208158088, 110001, 'https://randomuser.me/api/portraits/men/14.jpg', '2022-02-04', 'USER' ),
	( 10000083, 'Gomti Nagar', 'Lucknow', 'Rajesh Parekh', 7695263305, 226010, 'https://randomuser.me/api/portraits/men/54.jpg', '2019-10-11', 'AGENT' ),
	( 10000084, 'Andheri', 'Mumbai', 'Sunil Parekh', 9250740166, 400053, 'https://randomuser.me/api/portraits/men/19.jpg', '2018-08-02', 'USER' ),
	( 10000085, 'Laxmi Ganj', 'Guwahati', 'Mukesh Parekh', 7327210611, 781005, 'https://randomuser.me/api/portraits/men/94.jpg', '2025-02-26', 'USER' ),
	( 10000086, 'Connaught Place', 'New Delhi', 'Kavita Parekh', 6468069860, 110001, 'https://randomuser.me/api/portraits/women/76.jpg', '2021-12-16', 'AGENT' ),
	( 10000087, 'Connaught Place', 'New Delhi', 'Savita Parekh', 9690518634, 110001, 'https://randomuser.me/api/portraits/women/69.jpg', '2018-05-19', 'USER' ),
	( 10000088, 'Lashkar', 'Gwalior', 'Rekha Parekh', 8287406954, 474001, 'https://randomuser.me/api/portraits/women/36.jpg', '2015-04-27', 'AGENT' ),
	( 10000089, 'Lashkar', 'Gwalior', 'Geeta Parekh', 6743425151, 474001, 'https://randomuser.me/api/portraits/women/86.jpg', '2017-09-05', 'USER' ),
	( 10000090, 'Connaught Place', 'New Delhi', 'Neeta Parekh', 6541182462, 110001, 'https://randomuser.me/api/portraits/women/90.jpg', '2018-04-24', 'USER' ),
	( 10000091, 'Laxmi Ganj', 'Guwahati', 'Manish Dalal', 9718470177, 781005, 'https://randomuser.me/api/portraits/men/83.jpg', '2018-08-14', 'USER' ),
	( 10000092, 'Connaught Place', 'New Delhi', 'Sanjay Dalal', 9455615596, 110001, 'https://randomuser.me/api/portraits/men/54.jpg', '2023-05-05', 'USER' ),
	( 10000093, 'Andheri', 'Mumbai', 'Rajesh Dalal', 9776186736, 400053, 'https://randomuser.me/api/portraits/men/60.jpg', '2021-08-13', 'USER' ),
	( 10000094, 'Laxmi Ganj', 'Guwahati', 'Sunil Dalal', 8916392369, 781005, 'https://randomuser.me/api/portraits/men/45.jpg', '2018-09-23', 'USER' ),
	( 10000095, 'Andheri', 'Mumbai', 'Mukesh Dalal', 8908466305, 400053, 'https://randomuser.me/api/portraits/men/89.jpg', '2017-03-27', 'USER' ),
	( 10000096, 'Gomti Nagar', 'Lucknow', 'Kavita Dalal', 7992203525, 226010, 'https://randomuser.me/api/portraits/women/54.jpg', '2019-04-11', 'USER' ),
	( 10000097, 'Lashkar', 'Gwalior', 'Savita Dalal', 9907483457, 474001, 'https://randomuser.me/api/portraits/women/37.jpg', '2015-03-30', 'USER' ),
	( 10000098, 'Gomti Nagar', 'Lucknow', 'Rekha Dalal', 9048571926, 226010, 'https://randomuser.me/api/portraits/women/69.jpg', '2022-10-16', 'USER' ),
	( 10000099, 'Connaught Place', 'New Delhi', 'Geeta Dalal', 9333449916, 110001, 'https://randomuser.me/api/portraits/women/49.jpg', '2014-11-17', 'USER' ),
	( 10000100, 'Connaught Place', 'New Delhi', 'Neeta Dalal', 6617731491, 110001, 'https://randomuser.me/api/portraits/women/98.jpg', '2022-08-16', 'USER' ),
	( 10000101, 'Lashkar', 'Gwalior', 'Manish Mistry', 9234247874, 474001, 'https://randomuser.me/api/portraits/men/55.jpg', '2024-01-12', 'USER' ),
	( 10000102, 'Lashkar', 'Gwalior', 'Sanjay Mistry', 8899867473, 474001, 'https://randomuser.me/api/portraits/men/23.jpg', '2023-01-25', 'AGENT' ),
	( 10000103, 'Lashkar', 'Gwalior', 'Rajesh Mistry', 9317942250, 474001, 'https://randomuser.me/api/portraits/men/97.jpg', '2021-07-16', 'AGENT' ),
	( 10000104, 'Connaught Place', 'New Delhi', 'Sunil Mistry', 7063828896, 110001, 'https://randomuser.me/api/portraits/men/66.jpg', '2019-06-07', 'USER' ),
	( 10000105, 'Gomti Nagar', 'Lucknow', 'Mukesh Mistry', 8593581333, 226010, 'https://randomuser.me/api/portraits/men/95.jpg', '2015-11-05', 'USER' ),
	( 10000106, 'Gomti Nagar', 'Lucknow', 'Kavita Mistry', 8411008123, 226010, 'https://randomuser.me/api/portraits/women/82.jpg', '2018-10-04', 'AGENT' ),
	( 10000107, 'Laxmi Ganj', 'Guwahati', 'Savita Mistry', 8227338621, 781005, 'https://randomuser.me/api/portraits/women/42.jpg', '2017-11-30', 'USER' ),
	( 10000108, 'Lashkar', 'Gwalior', 'Rekha Mistry', 9296481099, 474001, 'https://randomuser.me/api/portraits/women/19.jpg', '2022-02-26', 'USER' ),
	( 10000109, 'Gomti Nagar', 'Lucknow', 'Geeta Mistry', 7373207360, 226010, 'https://randomuser.me/api/portraits/women/15.jpg', '2014-11-29', 'USER' ),
	( 10000110, 'Lashkar', 'Gwalior', 'Neeta Mistry', 8111245510, 474001, 'https://randomuser.me/api/portraits/women/27.jpg', '2019-06-24', 'AGENT' ),
	( 10000111, 'Gomti Nagar', 'Lucknow', 'Manish Trivedi', 7705923481, 226010, 'https://randomuser.me/api/portraits/men/50.jpg', '2024-08-30', 'USER' ),
	( 10000112, 'Andheri', 'Mumbai', 'Sanjay Trivedi', 6575517211, 400053, 'https://randomuser.me/api/portraits/men/6.jpg', '2020-01-19', 'USER' ),
	( 10000113, 'Connaught Place', 'New Delhi', 'Rajesh Trivedi', 6796829057, 110001, 'https://randomuser.me/api/portraits/men/36.jpg', '2017-05-26', 'AGENT' ),
	( 10000114, 'Connaught Place', 'New Delhi', 'Sunil Trivedi', 8345071663, 110001, 'https://randomuser.me/api/portraits/men/77.jpg', '2014-03-21', 'USER' ),
	( 10000115, 'Lashkar', 'Gwalior', 'Mukesh Trivedi', 8631792502, 474001, 'https://randomuser.me/api/portraits/men/92.jpg', '2019-09-27', 'USER' ),
	( 10000116, 'Gomti Nagar', 'Lucknow', 'Kavita Trivedi', 6072588830, 226010, 'https://randomuser.me/api/portraits/women/77.jpg', '2023-01-16', 'USER' ),
	( 10000117, 'Connaught Place', 'New Delhi', 'Savita Trivedi', 6587343608, 110001, 'https://randomuser.me/api/portraits/women/16.jpg', '2016-02-16', 'AGENT' ),
	( 10000118, 'Andheri', 'Mumbai', 'Rekha Trivedi', 8488398129, 400053, 'https://randomuser.me/api/portraits/women/37.jpg', '2014-12-19', 'USER' ),
	( 10000119, 'Lashkar', 'Gwalior', 'Geeta Trivedi', 7982652207, 474001, 'https://randomuser.me/api/portraits/women/1.jpg', '2024-01-08', 'USER' ),
	( 10000120, 'Connaught Place', 'New Delhi', 'Neeta Trivedi', 7976961000, 110001, 'https://randomuser.me/api/portraits/women/84.jpg', '2021-05-26', 'AGENT' ),
	( 10000121, 'Andheri', 'Mumbai', 'Manish Vyas', 7649148794, 400053, 'https://randomuser.me/api/portraits/men/32.jpg', '2016-05-02', 'USER' ),
	( 10000122, 'Lashkar', 'Gwalior', 'Sanjay Vyas', 7046406050, 474001, 'https://randomuser.me/api/portraits/men/37.jpg', '2015-12-07', 'USER' ),
	( 10000123, 'Connaught Place', 'New Delhi', 'Rajesh Vyas', 9357247795, 110001, 'https://randomuser.me/api/portraits/men/92.jpg', '2015-07-18', 'USER' ),
	( 10000124, 'Lashkar', 'Gwalior', 'Sunil Vyas', 8850467064, 474001, 'https://randomuser.me/api/portraits/men/14.jpg', '2021-12-02', 'USER' ),
	( 10000125, 'Lashkar', 'Gwalior', 'Mukesh Vyas', 6774059329, 474001, 'https://randomuser.me/api/portraits/men/64.jpg', '2017-01-11', 'USER' ),
	( 10000126, 'Connaught Place', 'New Delhi', 'Kavita Vyas', 8669812049, 110001, 'https://randomuser.me/api/portraits/women/79.jpg', '2021-07-22', 'USER' ),
	( 10000127, 'Andheri', 'Mumbai', 'Savita Vyas', 7072951199, 400053, 'https://randomuser.me/api/portraits/women/3.jpg', '2024-04-28', 'USER' ),
	( 10000128, 'Andheri', 'Mumbai', 'Rekha Vyas', 9450012756, 400053, 'https://randomuser.me/api/portraits/women/15.jpg', '2022-06-19', 'AGENT' ),
	( 10000129, 'Andheri', 'Mumbai', 'Geeta Vyas', 9363629733, 400053, 'https://randomuser.me/api/portraits/women/37.jpg', '2014-07-10', 'AGENT' ),
	( 10000130, 'Gomti Nagar', 'Lucknow', 'Neeta Vyas', 8895822770, 226010, 'https://randomuser.me/api/portraits/women/55.jpg', '2025-06-28', 'USER' ),
	( 10000131, 'Lashkar', 'Gwalior', 'Manish Chauhan', 6560823152, 474001, 'https://randomuser.me/api/portraits/men/87.jpg', '2019-08-03', 'USER' ),
	( 10000132, 'Lashkar', 'Gwalior', 'Sanjay Chauhan', 7318043242, 474001, 'https://randomuser.me/api/portraits/men/64.jpg', '2014-09-22', 'USER' ),
	( 10000133, 'Lashkar', 'Gwalior', 'Rajesh Chauhan', 8773963637, 474001, 'https://randomuser.me/api/portraits/men/65.jpg', '2025-01-06', 'USER' ),
	( 10000134, 'Andheri', 'Mumbai', 'Sunil Chauhan', 7814585361, 400053, 'https://randomuser.me/api/portraits/men/87.jpg', '2024-11-26', 'USER' ),
	( 10000135, 'Connaught Place', 'New Delhi', 'Mukesh Chauhan', 7205244214, 110001, 'https://randomuser.me/api/portraits/men/8.jpg', '2016-10-26', 'AGENT' ),
	( 10000136, 'Andheri', 'Mumbai', 'Kavita Chauhan', 8148419635, 400053, 'https://randomuser.me/api/portraits/women/9.jpg', '2020-02-17', 'AGENT' ),
	( 10000137, 'Connaught Place', 'New Delhi', 'Savita Chauhan', 6127369403, 110001, 'https://randomuser.me/api/portraits/women/1.jpg', '2017-02-26', 'USER' ),
	( 10000138, 'Andheri', 'Mumbai', 'Rekha Chauhan', 7881469444, 400053, 'https://randomuser.me/api/portraits/women/64.jpg', '2025-03-13', 'AGENT' ),
	( 10000139, 'Lashkar', 'Gwalior', 'Geeta Chauhan', 9825989570, 474001, 'https://randomuser.me/api/portraits/women/6.jpg', '2023-05-20', 'USER' ),
	( 10000140, 'Gomti Nagar', 'Lucknow', 'Neeta Chauhan', 9267183415, 226010, 'https://randomuser.me/api/portraits/women/47.jpg', '2017-06-20', 'USER' ),
	( 10000141, 'Lashkar', 'Gwalior', 'Manish Chawla', 8298503778, 474001, 'https://randomuser.me/api/portraits/men/2.jpg', '2021-03-31', 'USER' ),
	( 10000142, 'Lashkar', 'Gwalior', 'Sanjay Chawla', 6740049803, 474001, 'https://randomuser.me/api/portraits/men/73.jpg', '2022-01-20', 'USER' ),
	( 10000143, 'Connaught Place', 'New Delhi', 'Rajesh Chawla', 7676406782, 110001, 'https://randomuser.me/api/portraits/men/48.jpg', '2020-12-19', 'USER' ),
	( 10000144, 'Connaught Place', 'New Delhi', 'Sunil Chawla', 9524716047, 110001, 'https://randomuser.me/api/portraits/men/89.jpg', '2025-08-24', 'USER' ),
	( 10000145, 'Connaught Place', 'New Delhi', 'Mukesh Chawla', 8270926571, 110001, 'https://randomuser.me/api/portraits/men/70.jpg', '2015-10-07', 'USER' ),
	( 10000146, 'Connaught Place', 'New Delhi', 'Kavita Chawla', 7190188283, 110001, 'https://randomuser.me/api/portraits/women/94.jpg', '2020-04-17', 'USER' ),
	( 10000147, 'Gomti Nagar', 'Lucknow', 'Savita Chawla', 9132132779, 226010, 'https://randomuser.me/api/portraits/women/14.jpg', '2014-03-21', 'USER' ),
	( 10000148, 'Laxmi Ganj', 'Guwahati', 'Rekha Chawla', 6477835698, 781005, 'https://randomuser.me/api/portraits/women/73.jpg', '2024-05-23', 'USER' ),
	( 10000149, 'Lashkar', 'Gwalior', 'Geeta Chawla', 9173270173, 474001, 'https://randomuser.me/api/portraits/women/67.jpg', '2015-04-15', 'USER' ),
	( 10000150, 'Lashkar', 'Gwalior', 'Neeta Chawla', 9330146104, 474001, 'https://randomuser.me/api/portraits/women/74.jpg', '2022-07-20', 'AGENT' );


insert into office ( office_id, location, office_name, office_number )
	values
	( 100002, 'New Delhi', 'Delhi Office', 8822635623 ),
	( 100003, 'Mumbai', 'Mumbai Office', 8856457895 ),
	( 100004, 'Lucknow', 'Lucknow', 9562589463 ),
	( 100005, 'Gwalior', 'Gwalior', 7985468952 ),
	( 100006, 'Guwahati', 'Guwahati', 9856853542 );


INSERT INTO PROPERTY (ID, BHK, AREA, CITY, DESCRIPTION, HOUSE_NO, LOCALITY, PIN, SIZE, TYPE, YEAR_BUILT, OFFICE_ID, OWNER_ID) VALUES
    (50000001, 6, 'Laxmi Ganj', 'Guwahati', 'Premium 6 BHK APARTMENT in Laxmi Ganj, Guwahati. Built in 2025 with 2495 sq ft area.', 'C-36', 'Fancy Bazaar', 781001, 2495, 'APARTMENT', 2025, 100003, 10000122),
    (50000002, 4, 'Gomti Nagar', 'Lucknow', 'Premium 4 BHK APARTMENT in Gomti Nagar, Lucknow. Built in 2020 with 2696 sq ft area.', 'D-49', 'Charbagh', 226001, 2696, 'APARTMENT', 2020, 100003, 10000059),
    (50000003, 4, 'Connaught Place', 'New Delhi', 'Premium 4 BHK FLAT in Connaught Place, New Delhi. Built in 2019 with 2636 sq ft area.', 'E-62', 'Rohini', 110001, 2636, 'FLAT', 2019, 100005, 10000042),
    (50000004, 2, 'Paltan Bazaar', 'Guwahati', 'Premium 2 BHK FLAT in Paltan Bazaar, Guwahati. Built in 2016 with 1955 sq ft area.', 'F-75', 'Ganeshguri', 781001, 1955, 'FLAT', 2016, 100002, 10000012),
    (50000005, 5, 'Indira Nagar', 'Lucknow', 'Premium 5 BHK FLAT in Indira Nagar, Lucknow. Built in 2020 with 1073 sq ft area.', 'G-88', 'Charbagh', 226001, 1073, 'FLAT', 2020, 100003, 10000127),
    (50000006, 2, 'Vasant Kunj', 'New Delhi', 'Premium 2 BHK APARTMENT in Vasant Kunj, New Delhi. Built in 2025 with 2377 sq ft area.', 'H-101', 'Karol Bagh', 110001, 2377, 'APARTMENT', 2025, 100005, 10000079),
    (50000007, 6, 'Connaught Place', 'New Delhi', 'Premium 6 BHK FLAT in Connaught Place, New Delhi. Built in 2016 with 1736 sq ft area.', 'I-114', 'Hauz Khas', 110001, 1736, 'FLAT', 2016, 100002, 10000031),
    (50000008, 1, 'Morar', 'Gwalior', 'Premium 1 BHK APARTMENT in Morar, Gwalior. Built in 2019 with 2880 sq ft area.', 'J-127', 'Bada', 474001, 2880, 'APARTMENT', 2019, 100003, 10000099),
    (50000009, 4, 'City Center', 'Gwalior', 'Premium 4 BHK APARTMENT in City Center, Gwalior. Built in 2019 with 2357 sq ft area.', 'K-140', 'Thatipur', 474001, 2357, 'APARTMENT', 2019, 100004, 10000004),
    (50000010, 3, 'Morar', 'Gwalior', 'Premium 3 BHK FLAT in Morar, Gwalior. Built in 2022 with 1286 sq ft area.', 'L-153', 'Phool Bagh', 474001, 1286, 'FLAT', 2022, 100005, 10000085),
    (50000011, 4, 'City Center', 'Gwalior', 'Premium 4 BHK APARTMENT in City Center, Gwalior. Built in 2014 with 1685 sq ft area.', 'M-166', 'Thatipur', 474001, 1685, 'APARTMENT', 2014, 100004, 10000085),
    (50000012, 2, 'Lashkar', 'Gwalior', 'Premium 2 BHK FLAT in Lashkar, Gwalior. Built in 2025 with 1560 sq ft area.', 'N-179', 'Pinto Park', 474001, 1560, 'FLAT', 2025, 100002, 10000029),
    (50000013, 6, 'City Center', 'Gwalior', 'Premium 6 BHK FLAT in City Center, Gwalior. Built in 2018 with 600 sq ft area.', 'O-192', 'Bada', 474001, 600, 'FLAT', 2018, 100003, 10000060),
    (50000014, 5, 'Andheri', 'Mumbai', 'Premium 5 BHK APARTMENT in Andheri, Mumbai. Built in 2022 with 1828 sq ft area.', 'P-205', 'Malad', 400001, 1828, 'APARTMENT', 2022, 100002, 10000092),
    (50000015, 2, 'City Center', 'Gwalior', 'Premium 2 BHK FLAT in City Center, Gwalior. Built in 2022 with 525 sq ft area.', 'Q-218', 'Phool Bagh', 474001, 525, 'FLAT', 2022, 100003, 10000047),
    (50000016, 4, 'Laxmi Ganj', 'Guwahati', 'Premium 4 BHK FLAT in Laxmi Ganj, Guwahati. Built in 2017 with 1542 sq ft area.', 'R-231', 'Fancy Bazaar', 781001, 1542, 'FLAT', 2017, 100002, 10000098),
    (50000017, 5, 'Gomti Nagar', 'Lucknow', 'Premium 5 BHK APARTMENT in Gomti Nagar, Lucknow. Built in 2019 with 1205 sq ft area.', 'S-244', 'Aminabad', 226001, 1205, 'APARTMENT', 2019, 100002, 10000127),
    (50000018, 4, 'City Center', 'Gwalior', 'Premium 4 BHK APARTMENT in City Center, Gwalior. Built in 2025 with 1946 sq ft area.', 'T-257', 'Bada', 474001, 1946, 'APARTMENT', 2025, 100006, 10000114),
    (50000019, 5, 'Laxmi Ganj', 'Guwahati', 'Premium 5 BHK FLAT in Laxmi Ganj, Guwahati. Built in 2025 with 1348 sq ft area.', 'U-270', 'Ganeshguri', 781001, 1348, 'FLAT', 2025, 100004, 10000127),
    (50000020, 2, 'Dwarka', 'New Delhi', 'Premium 2 BHK FLAT in Dwarka, New Delhi. Built in 2014 with 2563 sq ft area.', 'V-283', 'Karol Bagh', 110001, 2563, 'FLAT', 2014, 100005, 10000100),
    (50000021, 2, 'Paltan Bazaar', 'Guwahati', 'Premium 2 BHK APARTMENT in Paltan Bazaar, Guwahati. Built in 2017 with 2253 sq ft area.', 'W-296', 'Dispur', 781001, 2253, 'APARTMENT', 2017, 100006, 10000118),
    (50000022, 5, 'Dwarka', 'New Delhi', 'Premium 5 BHK FLAT in Dwarka, New Delhi. Built in 2015 with 972 sq ft area.', 'X-309', 'Saket', 110001, 972, 'FLAT', 2015, 100004, 10000140),
    (50000023, 6, 'Uzan Bazaar', 'Guwahati', 'Premium 6 BHK FLAT in Uzan Bazaar, Guwahati. Built in 2024 with 2823 sq ft area.', 'Y-322', 'Beltola', 781001, 2823, 'FLAT', 2024, 100004, 10000143),
    (50000024, 2, 'Dwarka', 'New Delhi', 'Premium 2 BHK FLAT in Dwarka, New Delhi. Built in 2022 with 1600 sq ft area.', 'Z-335', 'Rajouri Garden', 110001, 1600, 'FLAT', 2022, 100003, 10000007),
    (50000025, 5, 'Indira Nagar', 'Lucknow', 'Premium 5 BHK APARTMENT in Indira Nagar, Lucknow. Built in 2020 with 2785 sq ft area.', 'A-348', 'Mahanagar', 226001, 2785, 'APARTMENT', 2020, 100005, 10000031),
    (50000026, 2, 'Vasant Kunj', 'New Delhi', 'Premium 2 BHK FLAT in Vasant Kunj, New Delhi. Built in 2020 with 1431 sq ft area.', 'B-361', 'Hauz Khas', 110001, 1431, 'FLAT', 2020, 100005, 10000024),
    (50000027, 6, 'Colaba', 'Mumbai', 'Premium 6 BHK FLAT in Colaba, Mumbai. Built in 2024 with 606 sq ft area.', 'C-374', 'Worli', 400001, 606, 'FLAT', 2024, 100004, 10000029),
    (50000028, 2, 'Paltan Bazaar', 'Guwahati', 'Premium 2 BHK APARTMENT in Paltan Bazaar, Guwahati. Built in 2017 with 2290 sq ft area.', 'D-387', 'Maligaon', 781001, 2290, 'APARTMENT', 2017, 100002, 10000098),
    (50000029, 4, 'Morar', 'Gwalior', 'Premium 4 BHK APARTMENT in Morar, Gwalior. Built in 2021 with 676 sq ft area.', 'E-400', 'Dabra', 474001, 676, 'APARTMENT', 2021, 100004, 10000081),
    (50000030, 4, 'Connaught Place', 'New Delhi', 'Premium 4 BHK APARTMENT in Connaught Place, New Delhi. Built in 2023 with 2143 sq ft area.', 'F-413', 'Rohini', 110001, 2143, 'APARTMENT', 2023, 100006, 10000141),
    (50000031, 6, 'Lashkar', 'Gwalior', 'Premium 6 BHK FLAT in Lashkar, Gwalior. Built in 2020 with 1540 sq ft area.', 'G-426', 'Thatipur', 474001, 1540, 'FLAT', 2020, 100003, 10000090),
    (50000032, 3, 'Uzan Bazaar', 'Guwahati', 'Premium 3 BHK APARTMENT in Uzan Bazaar, Guwahati. Built in 2023 with 2816 sq ft area.', 'H-439', 'Ganeshguri', 781001, 2816, 'APARTMENT', 2023, 100003, 10000114),
    (50000033, 4, 'Indira Nagar', 'Lucknow', 'Premium 4 BHK APARTMENT in Indira Nagar, Lucknow. Built in 2020 with 1622 sq ft area.', 'I-452', 'Vikas Nagar', 226001, 1622, 'APARTMENT', 2020, 100003, 10000081),
    (50000034, 5, 'Colaba', 'Mumbai', 'Premium 5 BHK APARTMENT in Colaba, Mumbai. Built in 2014 with 1962 sq ft area.', 'J-465', 'Powai', 400001, 1962, 'APARTMENT', 2014, 100006, 10000072),
    (50000035, 1, 'Uzan Bazaar', 'Guwahati', 'Premium 1 BHK FLAT in Uzan Bazaar, Guwahati. Built in 2020 with 1370 sq ft area.', 'K-478', 'Beltola', 781001, 1370, 'FLAT', 2020, 100003, 10000065),
    (50000036, 2, 'Colaba', 'Mumbai', 'Premium 2 BHK FLAT in Colaba, Mumbai. Built in 2015 with 1848 sq ft area.', 'L-491', 'Worli', 400001, 1848, 'FLAT', 2015, 100005, 10000012),
    (50000037, 6, 'Morar', 'Gwalior', 'Premium 6 BHK APARTMENT in Morar, Gwalior. Built in 2020 with 2907 sq ft area.', 'M-504', 'Pinto Park', 474001, 2907, 'APARTMENT', 2020, 100005, 10000060),
    (50000038, 1, 'Andheri', 'Mumbai', 'Premium 1 BHK APARTMENT in Andheri, Mumbai. Built in 2014 with 1567 sq ft area.', 'N-517', 'Worli', 400001, 1567, 'APARTMENT', 2014, 100004, 10000142),
    (50000039, 1, 'Gomti Nagar', 'Lucknow', 'Premium 1 BHK FLAT in Gomti Nagar, Lucknow. Built in 2015 with 2865 sq ft area.', 'O-530', 'Vikas Nagar', 226001, 2865, 'FLAT', 2015, 100002, 10000146),
    (50000040, 1, 'Lashkar', 'Gwalior', 'Premium 1 BHK FLAT in Lashkar, Gwalior. Built in 2024 with 1988 sq ft area.', 'P-543', 'Phool Bagh', 474001, 1988, 'FLAT', 2024, 100006, 10000021),
    (50000041, 5, 'Uzan Bazaar', 'Guwahati', 'Premium 5 BHK APARTMENT in Uzan Bazaar, Guwahati. Built in 2016 with 1298 sq ft area.', 'Q-556', 'Ganeshguri', 781001, 1298, 'APARTMENT', 2016, 100006, 10000024),
    (50000042, 1, 'Bandra', 'Mumbai', 'Premium 1 BHK FLAT in Bandra, Mumbai. Built in 2016 with 506 sq ft area.', 'R-569', 'Malad', 400001, 506, 'FLAT', 2016, 100006, 10000125),
    (50000043, 4, 'Gomti Nagar', 'Lucknow', 'Premium 4 BHK APARTMENT in Gomti Nagar, Lucknow. Built in 2017 with 2018 sq ft area.', 'S-582', 'Mahanagar', 226001, 2018, 'APARTMENT', 2017, 100003, 10000108),
    (50000044, 3, 'Uzan Bazaar', 'Guwahati', 'Premium 3 BHK FLAT in Uzan Bazaar, Guwahati. Built in 2023 with 2932 sq ft area.', 'T-595', 'Maligaon', 781001, 2932, 'FLAT', 2023, 100004, 10000108),
    (50000045, 6, 'Hazratganj', 'Lucknow', 'Premium 6 BHK APARTMENT in Hazratganj, Lucknow. Built in 2014 with 1124 sq ft area.', 'U-608', 'Aliganj', 226001, 1124, 'APARTMENT', 2014, 100002, 10000019),
    (50000046, 1, 'City Center', 'Gwalior', 'Premium 1 BHK FLAT in City Center, Gwalior. Built in 2022 with 594 sq ft area.', 'V-621', 'Bada', 474001, 594, 'FLAT', 2022, 100006, 10000057),
    (50000047, 2, 'Paltan Bazaar', 'Guwahati', 'Premium 2 BHK APARTMENT in Paltan Bazaar, Guwahati. Built in 2020 with 743 sq ft area.', 'W-634', 'Dispur', 781001, 743, 'APARTMENT', 2020, 100004, 10000046),
    (50000048, 3, 'Indira Nagar', 'Lucknow', 'Premium 3 BHK APARTMENT in Indira Nagar, Lucknow. Built in 2019 with 2240 sq ft area.', 'X-647', 'Aminabad', 226001, 2240, 'APARTMENT', 2019, 100002, 10000141),
    (50000049, 1, 'Lashkar', 'Gwalior', 'Premium 1 BHK APARTMENT in Lashkar, Gwalior. Built in 2022 with 1256 sq ft area.', 'Y-660', 'Pinto Park', 474001, 1256, 'APARTMENT', 2022, 100005, 10000109),
    (50000050, 6, 'Dwarka', 'New Delhi', 'Premium 6 BHK FLAT in Dwarka, New Delhi. Built in 2017 with 2297 sq ft area.', 'Z-673', 'Saket', 110001, 2297, 'FLAT', 2017, 100003, 10000112),
    (50000051, 5, 'Gomti Nagar', 'Lucknow', 'Premium 5 BHK APARTMENT in Gomti Nagar, Lucknow. Built in 2015 with 2273 sq ft area.', 'A-686', 'Aliganj', 226001, 2273, 'APARTMENT', 2015, 100003, 10000042),
    (50000052, 6, 'Morar', 'Gwalior', 'Premium 6 BHK APARTMENT in Morar, Gwalior. Built in 2015 with 2630 sq ft area.', 'B-699', 'Pinto Park', 474001, 2630, 'APARTMENT', 2015, 100006, 10000066),
    (50000053, 6, 'Gomti Nagar', 'Lucknow', 'Premium 6 BHK APARTMENT in Gomti Nagar, Lucknow. Built in 2016 with 982 sq ft area.', 'C-712', 'Mahanagar', 226001, 982, 'APARTMENT', 2016, 100004, 10000017),
    (50000054, 5, 'Indira Nagar', 'Lucknow', 'Premium 5 BHK APARTMENT in Indira Nagar, Lucknow. Built in 2015 with 2903 sq ft area.', 'D-725', 'Vikas Nagar', 226001, 2903, 'APARTMENT', 2015, 100002, 10000084),
    (50000055, 4, 'Morar', 'Gwalior', 'Premium 4 BHK FLAT in Morar, Gwalior. Built in 2024 with 735 sq ft area.', 'E-738', 'Dabra', 474001, 735, 'FLAT', 2024, 100002, 10000005),
    (50000056, 6, 'Paltan Bazaar', 'Guwahati', 'Premium 6 BHK APARTMENT in Paltan Bazaar, Guwahati. Built in 2023 with 1163 sq ft area.', 'F-751', 'Ganeshguri', 781001, 1163, 'APARTMENT', 2023, 100002, 10000052),
    (50000057, 3, 'Bandra', 'Mumbai', 'Premium 3 BHK FLAT in Bandra, Mumbai. Built in 2021 with 1984 sq ft area.', 'G-764', 'Malad', 400001, 1984, 'FLAT', 2021, 100002, 10000095),
    (50000058, 4, 'Gomti Nagar', 'Lucknow', 'Premium 4 BHK FLAT in Gomti Nagar, Lucknow. Built in 2018 with 1635 sq ft area.', 'H-777', 'Aminabad', 226001, 1635, 'FLAT', 2018, 100003, 10000031),
    (50000059, 5, 'Morar', 'Gwalior', 'Premium 5 BHK FLAT in Morar, Gwalior. Built in 2019 with 1253 sq ft area.', 'I-790', 'Thatipur', 474001, 1253, 'FLAT', 2019, 100004, 10000141),
    (50000060, 4, 'Paltan Bazaar', 'Guwahati', 'Premium 4 BHK APARTMENT in Paltan Bazaar, Guwahati. Built in 2022 with 2512 sq ft area.', 'J-803', 'Fancy Bazaar', 781001, 2512, 'APARTMENT', 2022, 100006, 10000065),
    (50000061, 1, 'Paltan Bazaar', 'Guwahati', 'Premium 1 BHK FLAT in Paltan Bazaar, Guwahati. Built in 2018 with 1864 sq ft area.', 'K-816', 'Dispur', 781001, 1864, 'FLAT', 2018, 100002, 10000053),
    (50000062, 3, 'Vasant Kunj', 'New Delhi', 'Premium 3 BHK APARTMENT in Vasant Kunj, New Delhi. Built in 2015 with 2288 sq ft area.', 'L-829', 'Rohini', 110001, 2288, 'APARTMENT', 2015, 100002, 10000048),
    (50000063, 6, 'Gomti Nagar', 'Lucknow', 'Premium 6 BHK FLAT in Gomti Nagar, Lucknow. Built in 2019 with 1630 sq ft area.', 'M-842', 'Aminabad', 226001, 1630, 'FLAT', 2019, 100002, 10000089),
    (50000064, 6, 'Vasant Kunj', 'New Delhi', 'Premium 6 BHK FLAT in Vasant Kunj, New Delhi. Built in 2021 with 714 sq ft area.', 'N-855', 'Hauz Khas', 110001, 714, 'FLAT', 2021, 100004, 10000075),
    (50000065, 4, 'Gomti Nagar', 'Lucknow', 'Premium 4 BHK FLAT in Gomti Nagar, Lucknow. Built in 2014 with 1482 sq ft area.', 'O-868', 'Charbagh', 226001, 1482, 'FLAT', 2014, 100006, 10000146),
    (50000066, 6, 'Vasant Kunj', 'New Delhi', 'Premium 6 BHK FLAT in Vasant Kunj, New Delhi. Built in 2025 with 1089 sq ft area.', 'P-881', 'Hauz Khas', 110001, 1089, 'FLAT', 2025, 100005, 10000013),
    (50000067, 6, 'Colaba', 'Mumbai', 'Premium 6 BHK FLAT in Colaba, Mumbai. Built in 2018 with 1170 sq ft area.', 'Q-894', 'Malad', 400001, 1170, 'FLAT', 2018, 100005, 10000124),
    (50000068, 5, 'Connaught Place', 'New Delhi', 'Premium 5 BHK FLAT in Connaught Place, New Delhi. Built in 2018 with 1446 sq ft area.', 'R-907', 'Saket', 110001, 1446, 'FLAT', 2018, 100002, 10000115),
    (50000069, 5, 'Bandra', 'Mumbai', 'Premium 5 BHK APARTMENT in Bandra, Mumbai. Built in 2018 with 1088 sq ft area.', 'S-21', 'Worli', 400001, 1088, 'APARTMENT', 2018, 100006, 10000141),
    (50000070, 4, 'Bandra', 'Mumbai', 'Premium 4 BHK FLAT in Bandra, Mumbai. Built in 2014 with 1230 sq ft area.', 'T-34', 'Dadar', 400001, 1230, 'FLAT', 2014, 100004, 10000119),
    (50000071, 6, 'Gomti Nagar', 'Lucknow', 'Premium 6 BHK APARTMENT in Gomti Nagar, Lucknow. Built in 2017 with 1373 sq ft area.', 'U-47', 'Aliganj', 226001, 1373, 'APARTMENT', 2017, 100002, 10000028),
    (50000072, 1, 'Andheri', 'Mumbai', 'Premium 1 BHK FLAT in Andheri, Mumbai. Built in 2019 with 2327 sq ft area.', 'V-60', 'Juhu', 400001, 2327, 'FLAT', 2019, 100006, 10000140),
    (50000073, 4, 'Lashkar', 'Gwalior', 'Premium 4 BHK FLAT in Lashkar, Gwalior. Built in 2021 with 1606 sq ft area.', 'W-73', 'Dabra', 474001, 1606, 'FLAT', 2021, 100002, 10000124),
    (50000074, 3, 'Hazratganj', 'Lucknow', 'Premium 3 BHK APARTMENT in Hazratganj, Lucknow. Built in 2015 with 883 sq ft area.', 'X-86', 'Charbagh', 226001, 883, 'APARTMENT', 2015, 100003, 10000146),
    (50000075, 6, 'Connaught Place', 'New Delhi', 'Premium 6 BHK APARTMENT in Connaught Place, New Delhi. Built in 2021 with 2275 sq ft area.', 'Y-99', 'Hauz Khas', 110001, 2275, 'APARTMENT', 2021, 100006, 10000131),
    (50000076, 3, 'City Center', 'Gwalior', 'Premium 3 BHK APARTMENT in City Center, Gwalior. Built in 2024 with 2167 sq ft area.', 'Z-112', 'Phool Bagh', 474001, 2167, 'APARTMENT', 2024, 100004, 10000087),
    (50000077, 5, 'Morar', 'Gwalior', 'Premium 5 BHK FLAT in Morar, Gwalior. Built in 2016 with 2178 sq ft area.', 'A-125', 'Thatipur', 474001, 2178, 'FLAT', 2016, 100002, 10000115),
    (50000078, 4, 'Indira Nagar', 'Lucknow', 'Premium 4 BHK APARTMENT in Indira Nagar, Lucknow. Built in 2014 with 1064 sq ft area.', 'B-138', 'Charbagh', 226001, 1064, 'APARTMENT', 2014, 100005, 10000098),
    (50000079, 2, 'Gomti Nagar', 'Lucknow', 'Premium 2 BHK APARTMENT in Gomti Nagar, Lucknow. Built in 2016 with 1956 sq ft area.', 'C-151', 'Aminabad', 226001, 1956, 'APARTMENT', 2016, 100005, 10000149),
    (50000080, 3, 'Colaba', 'Mumbai', 'Premium 3 BHK FLAT in Colaba, Mumbai. Built in 2017 with 1362 sq ft area.', 'D-164', 'Juhu', 400001, 1362, 'FLAT', 2017, 100004, 10000139),
    (50000081, 1, 'Colaba', 'Mumbai', 'Premium 1 BHK APARTMENT in Colaba, Mumbai. Built in 2019 with 956 sq ft area.', 'E-177', 'Powai', 400001, 956, 'APARTMENT', 2019, 100006, 10000104),
    (50000082, 3, 'Hazratganj', 'Lucknow', 'Premium 3 BHK FLAT in Hazratganj, Lucknow. Built in 2022 with 842 sq ft area.', 'F-190', 'Mahanagar', 226001, 842, 'FLAT', 2022, 100006, 10000127),
    (50000083, 4, 'Vasant Kunj', 'New Delhi', 'Premium 4 BHK APARTMENT in Vasant Kunj, New Delhi. Built in 2017 with 2759 sq ft area.', 'G-203', 'Karol Bagh', 110001, 2759, 'APARTMENT', 2017, 100006, 10000076),
    (50000084, 3, 'Morar', 'Gwalior', 'Premium 3 BHK APARTMENT in Morar, Gwalior. Built in 2025 with 2289 sq ft area.', 'H-216', 'Bada', 474001, 2289, 'APARTMENT', 2025, 100004, 10000145),
    (50000085, 1, 'Lashkar', 'Gwalior', 'Premium 1 BHK APARTMENT in Lashkar, Gwalior. Built in 2023 with 2955 sq ft area.', 'I-229', 'Phool Bagh', 474001, 2955, 'APARTMENT', 2023, 100006, 10000080),
    (50000086, 4, 'Paltan Bazaar', 'Guwahati', 'Premium 4 BHK APARTMENT in Paltan Bazaar, Guwahati. Built in 2017 with 2719 sq ft area.', 'J-242', 'Dispur', 781001, 2719, 'APARTMENT', 2017, 100002, 10000040),
    (50000087, 3, 'Bandra', 'Mumbai', 'Premium 3 BHK FLAT in Bandra, Mumbai. Built in 2023 with 1053 sq ft area.', 'K-255', 'Dadar', 400001, 1053, 'FLAT', 2023, 100005, 10000076),
    (50000088, 1, 'Laxmi Ganj', 'Guwahati', 'Premium 1 BHK FLAT in Laxmi Ganj, Guwahati. Built in 2020 with 633 sq ft area.', 'L-268', 'Fancy Bazaar', 781001, 633, 'FLAT', 2020, 100005, 10000005),
    (50000089, 4, 'Bandra', 'Mumbai', 'Premium 4 BHK APARTMENT in Bandra, Mumbai. Built in 2017 with 1640 sq ft area.', 'M-281', 'Dadar', 400001, 1640, 'APARTMENT', 2017, 100004, 10000131),
    (50000090, 1, 'Bandra', 'Mumbai', 'Premium 1 BHK FLAT in Bandra, Mumbai. Built in 2021 with 2941 sq ft area.', 'N-294', 'Malad', 400001, 2941, 'FLAT', 2021, 100002, 10000087),
    (50000091, 4, 'Dwarka', 'New Delhi', 'Premium 4 BHK APARTMENT in Dwarka, New Delhi. Built in 2022 with 2973 sq ft area.', 'O-307', 'Karol Bagh', 110001, 2973, 'APARTMENT', 2022, 100005, 10000032),
    (50000092, 4, 'Hazratganj', 'Lucknow', 'Premium 4 BHK APARTMENT in Hazratganj, Lucknow. Built in 2020 with 1052 sq ft area.', 'P-320', 'Aliganj', 226001, 1052, 'APARTMENT', 2020, 100004, 10000043),
    (50000093, 1, 'Bandra', 'Mumbai', 'Premium 1 BHK FLAT in Bandra, Mumbai. Built in 2021 with 2327 sq ft area.', 'Q-333', 'Juhu', 400001, 2327, 'FLAT', 2021, 100006, 10000105),
    (50000094, 2, 'Andheri', 'Mumbai', 'Premium 2 BHK APARTMENT in Andheri, Mumbai. Built in 2022 with 2598 sq ft area.', 'R-346', 'Dadar', 400001, 2598, 'APARTMENT', 2022, 100004, 10000057),
    (50000095, 5, 'City Center', 'Gwalior', 'Premium 5 BHK APARTMENT in City Center, Gwalior. Built in 2023 with 1310 sq ft area.', 'S-359', 'Thatipur', 474001, 1310, 'APARTMENT', 2023, 100006, 10000022),
    (50000096, 4, 'Connaught Place', 'New Delhi', 'Premium 4 BHK FLAT in Connaught Place, New Delhi. Built in 2017 with 858 sq ft area.', 'T-372', 'Rohini', 110001, 858, 'FLAT', 2017, 100006, 10000141),
    (50000097, 3, 'Connaught Place', 'New Delhi', 'Premium 3 BHK FLAT in Connaught Place, New Delhi. Built in 2023 with 2837 sq ft area.', 'U-385', 'Hauz Khas', 110001, 2837, 'FLAT', 2023, 100004, 10000027),
    (50000098, 6, 'City Center', 'Gwalior', 'Premium 6 BHK APARTMENT in City Center, Gwalior. Built in 2015 with 571 sq ft area.', 'V-398', 'Phool Bagh', 474001, 571, 'APARTMENT', 2015, 100006, 10000043),
    (50000099, 4, 'Andheri', 'Mumbai', 'Premium 4 BHK FLAT in Andheri, Mumbai. Built in 2017 with 1427 sq ft area.', 'W-411', 'Powai', 400001, 1427, 'FLAT', 2017, 100003, 10000065),
    (50000100, 6, 'Indira Nagar', 'Lucknow', 'Premium 6 BHK FLAT in Indira Nagar, Lucknow. Built in 2023 with 1236 sq ft area.', 'X-424', 'Aminabad', 226001, 1236, 'FLAT', 2023, 100006, 10000017),
    (50000101, 2, 'Morar', 'Gwalior', 'Premium 2 BHK APARTMENT in Morar, Gwalior. Built in 2017 with 2775 sq ft area.', 'Y-437', 'Pinto Park', 474001, 2775, 'APARTMENT', 2017, 100004, 10000041),
    (50000102, 1, 'Connaught Place', 'New Delhi', 'Premium 1 BHK APARTMENT in Connaught Place, New Delhi. Built in 2014 with 1306 sq ft area.', 'Z-450', 'Saket', 110001, 1306, 'APARTMENT', 2014, 100005, 10000020),
    (50000103, 5, 'Vasant Kunj', 'New Delhi', 'Premium 5 BHK FLAT in Vasant Kunj, New Delhi. Built in 2021 with 1320 sq ft area.', 'A-463', 'Karol Bagh', 110001, 1320, 'FLAT', 2021, 100003, 10000001),
    (50000104, 3, 'Dwarka', 'New Delhi', 'Premium 3 BHK FLAT in Dwarka, New Delhi. Built in 2018 with 1536 sq ft area.', 'B-476', 'Saket', 110001, 1536, 'FLAT', 2018, 100005, 10000146),
    (50000105, 1, 'Hazratganj', 'Lucknow', 'Premium 1 BHK FLAT in Hazratganj, Lucknow. Built in 2017 with 2236 sq ft area.', 'C-489', 'Charbagh', 226001, 2236, 'FLAT', 2017, 100003, 10000148),
    (50000106, 6, 'Laxmi Ganj', 'Guwahati', 'Premium 6 BHK APARTMENT in Laxmi Ganj, Guwahati. Built in 2022 with 1314 sq ft area.', 'D-502', 'Maligaon', 781001, 1314, 'APARTMENT', 2022, 100003, 10000109),
    (50000107, 1, 'Uzan Bazaar', 'Guwahati', 'Premium 1 BHK FLAT in Uzan Bazaar, Guwahati. Built in 2019 with 658 sq ft area.', 'E-515', 'Ganeshguri', 781001, 658, 'FLAT', 2019, 100004, 10000019),
    (50000108, 3, 'Andheri', 'Mumbai', 'Premium 3 BHK FLAT in Andheri, Mumbai. Built in 2020 with 1276 sq ft area.', 'F-528', 'Worli', 400001, 1276, 'FLAT', 2020, 100004, 10000092),
    (50000109, 5, 'Laxmi Ganj', 'Guwahati', 'Premium 5 BHK FLAT in Laxmi Ganj, Guwahati. Built in 2018 with 1162 sq ft area.', 'G-541', 'Maligaon', 781001, 1162, 'FLAT', 2018, 100006, 10000046),
    (50000110, 2, 'Lashkar', 'Gwalior', 'Premium 2 BHK FLAT in Lashkar, Gwalior. Built in 2014 with 1062 sq ft area.', 'H-554', 'Pinto Park', 474001, 1062, 'FLAT', 2014, 100003, 10000122),
    (50000111, 2, 'Paltan Bazaar', 'Guwahati', 'Premium 2 BHK FLAT in Paltan Bazaar, Guwahati. Built in 2018 with 2953 sq ft area.', 'I-567', 'Beltola', 781001, 2953, 'FLAT', 2018, 100006, 10000033),
    (50000112, 2, 'Morar', 'Gwalior', 'Premium 2 BHK APARTMENT in Morar, Gwalior. Built in 2020 with 1351 sq ft area.', 'J-580', 'Phool Bagh', 474001, 1351, 'APARTMENT', 2020, 100006, 10000015),
    (50000113, 2, 'Connaught Place', 'New Delhi', 'Premium 2 BHK APARTMENT in Connaught Place, New Delhi. Built in 2019 with 2043 sq ft area.', 'K-593', 'Hauz Khas', 110001, 2043, 'APARTMENT', 2019, 100006, 10000034),
    (50000114, 5, 'Indira Nagar', 'Lucknow', 'Premium 5 BHK FLAT in Indira Nagar, Lucknow. Built in 2017 with 594 sq ft area.', 'L-606', 'Aminabad', 226001, 594, 'FLAT', 2017, 100003, 10000028),
    (50000115, 5, 'Paltan Bazaar', 'Guwahati', 'Premium 5 BHK APARTMENT in Paltan Bazaar, Guwahati. Built in 2024 with 1707 sq ft area.', 'M-619', 'Dispur', 781001, 1707, 'APARTMENT', 2024, 100003, 10000023),
    (50000116, 3, 'Dwarka', 'New Delhi', 'Premium 3 BHK FLAT in Dwarka, New Delhi. Built in 2020 with 760 sq ft area.', 'N-632', 'Karol Bagh', 110001, 760, 'FLAT', 2020, 100004, 10000127),
    (50000117, 4, 'Laxmi Ganj', 'Guwahati', 'Premium 4 BHK FLAT in Laxmi Ganj, Guwahati. Built in 2024 with 1135 sq ft area.', 'O-645', 'Dispur', 781001, 1135, 'FLAT', 2024, 100003, 10000005),
    (50000118, 1, 'Paltan Bazaar', 'Guwahati', 'Premium 1 BHK FLAT in Paltan Bazaar, Guwahati. Built in 2023 with 736 sq ft area.', 'P-658', 'Dispur', 781001, 736, 'FLAT', 2023, 100004, 10000052),
    (50000119, 2, 'Colaba', 'Mumbai', 'Premium 2 BHK APARTMENT in Colaba, Mumbai. Built in 2022 with 2800 sq ft area.', 'Q-671', 'Powai', 400001, 2800, 'APARTMENT', 2022, 100003, 10000035),
    (50000120, 4, 'Indira Nagar', 'Lucknow', 'Premium 4 BHK FLAT in Indira Nagar, Lucknow. Built in 2014 with 2848 sq ft area.', 'R-684', 'Aminabad', 226001, 2848, 'FLAT', 2014, 100006, 10000004),
    (50000121, 1, 'Paltan Bazaar', 'Guwahati', 'Premium 1 BHK FLAT in Paltan Bazaar, Guwahati. Built in 2023 with 1849 sq ft area.', 'S-697', 'Beltola', 781001, 1849, 'FLAT', 2023, 100006, 10000081),
    (50000122, 1, 'Andheri', 'Mumbai', 'Premium 1 BHK FLAT in Andheri, Mumbai. Built in 2024 with 1757 sq ft area.', 'T-710', 'Dadar', 400001, 1757, 'FLAT', 2024, 100002, 10000036),
    (50000123, 5, 'Lashkar', 'Gwalior', 'Premium 5 BHK APARTMENT in Lashkar, Gwalior. Built in 2015 with 1523 sq ft area.', 'U-723', 'Pinto Park', 474001, 1523, 'APARTMENT', 2015, 100006, 10000144),
    (50000124, 4, 'Laxmi Ganj', 'Guwahati', 'Premium 4 BHK FLAT in Laxmi Ganj, Guwahati. Built in 2016 with 623 sq ft area.', 'V-736', 'Dispur', 781001, 623, 'FLAT', 2016, 100004, 10000149),
    (50000125, 2, 'Connaught Place', 'New Delhi', 'Premium 2 BHK APARTMENT in Connaught Place, New Delhi. Built in 2021 with 960 sq ft area.', 'W-749', 'Rohini', 110001, 960, 'APARTMENT', 2021, 100005, 10000145),
    (50000126, 3, 'Dwarka', 'New Delhi', 'Premium 3 BHK APARTMENT in Dwarka, New Delhi. Built in 2022 with 607 sq ft area.', 'X-762', 'Saket', 110001, 607, 'APARTMENT', 2022, 100002, 10000132),
    (50000127, 2, 'Paltan Bazaar', 'Guwahati', 'Premium 2 BHK FLAT in Paltan Bazaar, Guwahati. Built in 2016 with 1173 sq ft area.', 'Y-775', 'Maligaon', 781001, 1173, 'FLAT', 2016, 100005, 10000042),
    (50000128, 4, 'Uzan Bazaar', 'Guwahati', 'Premium 4 BHK APARTMENT in Uzan Bazaar, Guwahati. Built in 2018 with 1730 sq ft area.', 'Z-788', 'Beltola', 781001, 1730, 'APARTMENT', 2018, 100004, 10000124),
    (50000129, 2, 'Vasant Kunj', 'New Delhi', 'Premium 2 BHK FLAT in Vasant Kunj, New Delhi. Built in 2019 with 1326 sq ft area.', 'A-801', 'Saket', 110001, 1326, 'FLAT', 2019, 100006, 10000064),
    (50000130, 6, 'Lashkar', 'Gwalior', 'Premium 6 BHK FLAT in Lashkar, Gwalior. Built in 2018 with 1179 sq ft area.', 'B-814', 'Bada', 474001, 1179, 'FLAT', 2018, 100004, 10000075),
    (50000131, 6, 'City Center', 'Gwalior', 'Premium 6 BHK APARTMENT in City Center, Gwalior. Built in 2017 with 797 sq ft area.', 'C-827', 'Pinto Park', 474001, 797, 'APARTMENT', 2017, 100002, 10000037),
    (50000132, 3, 'Bandra', 'Mumbai', 'Premium 3 BHK APARTMENT in Bandra, Mumbai. Built in 2018 with 2428 sq ft area.', 'D-840', 'Malad', 400001, 2428, 'APARTMENT', 2018, 100002, 10000060),
    (50000133, 2, 'Colaba', 'Mumbai', 'Premium 2 BHK FLAT in Colaba, Mumbai. Built in 2019 with 1330 sq ft area.', 'E-853', 'Malad', 400001, 1330, 'FLAT', 2019, 100006, 10000060),
    (50000134, 4, 'Bandra', 'Mumbai', 'Premium 4 BHK APARTMENT in Bandra, Mumbai. Built in 2019 with 2039 sq ft area.', 'F-866', 'Worli', 400001, 2039, 'APARTMENT', 2019, 100005, 10000030),
    (50000135, 1, 'Dwarka', 'New Delhi', 'Premium 1 BHK APARTMENT in Dwarka, New Delhi. Built in 2018 with 2661 sq ft area.', 'G-879', 'Karol Bagh', 110001, 2661, 'APARTMENT', 2018, 100002, 10000037),
    (50000136, 3, 'Laxmi Ganj', 'Guwahati', 'Premium 3 BHK APARTMENT in Laxmi Ganj, Guwahati. Built in 2024 with 1779 sq ft area.', 'H-892', 'Ganeshguri', 781001, 1779, 'APARTMENT', 2024, 100004, 10000147),
    (50000137, 2, 'Morar', 'Gwalior', 'Premium 2 BHK APARTMENT in Morar, Gwalior. Built in 2017 with 1298 sq ft area.', 'I-905', 'Thatipur', 474001, 1298, 'APARTMENT', 2017, 100006, 10000038),
    (50000138, 5, 'Lashkar', 'Gwalior', 'Premium 5 BHK APARTMENT in Lashkar, Gwalior. Built in 2018 with 2715 sq ft area.', 'J-19', 'Thatipur', 474001, 2715, 'APARTMENT', 2018, 100002, 10000054),
    (50000139, 2, 'Hazratganj', 'Lucknow', 'Premium 2 BHK APARTMENT in Hazratganj, Lucknow. Built in 2016 with 2794 sq ft area.', 'K-32', 'Mahanagar', 226001, 2794, 'APARTMENT', 2016, 100004, 10000023),
    (50000140, 6, 'Andheri', 'Mumbai', 'Premium 6 BHK FLAT in Andheri, Mumbai. Built in 2025 with 1812 sq ft area.', 'L-45', 'Powai', 400001, 1812, 'FLAT', 2025, 100004, 10000017),
    (50000141, 4, 'Dwarka', 'New Delhi', 'Premium 4 BHK APARTMENT in Dwarka, New Delhi. Built in 2020 with 751 sq ft area.', 'M-58', 'Saket', 110001, 751, 'APARTMENT', 2020, 100005, 10000071),
    (50000142, 1, 'Andheri', 'Mumbai', 'Premium 1 BHK FLAT in Andheri, Mumbai. Built in 2015 with 2900 sq ft area.', 'N-71', 'Dadar', 400001, 2900, 'FLAT', 2015, 100005, 10000076),
    (50000143, 4, 'City Center', 'Gwalior', 'Premium 4 BHK APARTMENT in City Center, Gwalior. Built in 2025 with 2918 sq ft area.', 'O-84', 'Bada', 474001, 2918, 'APARTMENT', 2025, 100002, 10000144),
    (50000144, 3, 'Connaught Place', 'New Delhi', 'Premium 3 BHK FLAT in Connaught Place, New Delhi. Built in 2024 with 1994 sq ft area.', 'P-97', 'Rohini', 110001, 1994, 'FLAT', 2024, 100002, 10000147),
    (50000145, 1, 'Paltan Bazaar', 'Guwahati', 'Premium 1 BHK APARTMENT in Paltan Bazaar, Guwahati. Built in 2021 with 2379 sq ft area.', 'Q-110', 'Dispur', 781001, 2379, 'APARTMENT', 2021, 100002, 10000037),
    (50000146, 1, 'Paltan Bazaar', 'Guwahati', 'Premium 1 BHK APARTMENT in Paltan Bazaar, Guwahati. Built in 2024 with 1335 sq ft area.', 'R-123', 'Fancy Bazaar', 781001, 1335, 'APARTMENT', 2024, 100005, 10000093),
    (50000147, 5, 'Connaught Place', 'New Delhi', 'Premium 5 BHK APARTMENT in Connaught Place, New Delhi. Built in 2019 with 1916 sq ft area.', 'S-136', 'Rohini', 110001, 1916, 'APARTMENT', 2019, 100005, 10000141),
    (50000148, 6, 'Vasant Kunj', 'New Delhi', 'Premium 6 BHK FLAT in Vasant Kunj, New Delhi. Built in 2020 with 1765 sq ft area.', 'T-149', 'Karol Bagh', 110001, 1765, 'FLAT', 2020, 100003, 10000042),
    (50000149, 1, 'Laxmi Ganj', 'Guwahati', 'Premium 1 BHK APARTMENT in Laxmi Ganj, Guwahati. Built in 2019 with 1766 sq ft area.', 'U-162', 'Dispur', 781001, 1766, 'APARTMENT', 2019, 100005, 10000025),
    (50000150, 6, 'Uzan Bazaar', 'Guwahati', 'Premium 6 BHK APARTMENT in Uzan Bazaar, Guwahati. Built in 2015 with 2697 sq ft area.', 'V-175', 'Fancy Bazaar', 781001, 2697, 'APARTMENT', 2015, 100002, 10000010),
    (50000151, 2, 'Uzan Bazaar', 'Guwahati', 'Premium 2 BHK FLAT in Uzan Bazaar, Guwahati. Built in 2023 with 1967 sq ft area.', 'W-188', 'Dispur', 781001, 1967, 'FLAT', 2023, 100004, 10000002),
    (50000152, 3, 'Andheri', 'Mumbai', 'Premium 3 BHK FLAT in Andheri, Mumbai. Built in 2021 with 695 sq ft area.', 'X-201', 'Worli', 400001, 695, 'FLAT', 2021, 100003, 10000043),
    (50000153, 5, 'City Center', 'Gwalior', 'Premium 5 BHK APARTMENT in City Center, Gwalior. Built in 2017 with 997 sq ft area.', 'Y-214', 'Phool Bagh', 474001, 997, 'APARTMENT', 2017, 100003, 10000124),
    (50000154, 6, 'Connaught Place', 'New Delhi', 'Premium 6 BHK FLAT in Connaught Place, New Delhi. Built in 2015 with 1514 sq ft area.', 'Z-227', 'Rohini', 110001, 1514, 'FLAT', 2015, 100006, 10000014),
    (50000155, 2, 'Lashkar', 'Gwalior', 'Premium 2 BHK FLAT in Lashkar, Gwalior. Built in 2020 with 1347 sq ft area.', 'A-240', 'Phool Bagh', 474001, 1347, 'FLAT', 2020, 100006, 10000100),
    (50000156, 5, 'Gomti Nagar', 'Lucknow', 'Premium 5 BHK FLAT in Gomti Nagar, Lucknow. Built in 2019 with 2025 sq ft area.', 'B-253', 'Mahanagar', 226001, 2025, 'FLAT', 2019, 100005, 10000017),
    (50000157, 1, 'Gomti Nagar', 'Lucknow', 'Premium 1 BHK APARTMENT in Gomti Nagar, Lucknow. Built in 2014 with 1886 sq ft area.', 'C-266', 'Aminabad', 226001, 1886, 'APARTMENT', 2014, 100006, 10000139),
    (50000158, 1, 'Indira Nagar', 'Lucknow', 'Premium 1 BHK FLAT in Indira Nagar, Lucknow. Built in 2020 with 1980 sq ft area.', 'D-279', 'Charbagh', 226001, 1980, 'FLAT', 2020, 100006, 10000125),
    (50000159, 5, 'Vasant Kunj', 'New Delhi', 'Premium 5 BHK APARTMENT in Vasant Kunj, New Delhi. Built in 2024 with 2424 sq ft area.', 'E-292', 'Rohini', 110001, 2424, 'APARTMENT', 2024, 100006, 10000087),
    (50000160, 2, 'Connaught Place', 'New Delhi', 'Premium 2 BHK FLAT in Connaught Place, New Delhi. Built in 2021 with 1957 sq ft area.', 'F-305', 'Saket', 110001, 1957, 'FLAT', 2021, 100002, 10000017),
    (50000161, 1, 'Dwarka', 'New Delhi', 'Premium 1 BHK FLAT in Dwarka, New Delhi. Built in 2017 with 744 sq ft area.', 'G-318', 'Saket', 110001, 744, 'FLAT', 2017, 100004, 10000025),
    (50000162, 2, 'Uzan Bazaar', 'Guwahati', 'Premium 2 BHK FLAT in Uzan Bazaar, Guwahati. Built in 2020 with 1471 sq ft area.', 'H-331', 'Ganeshguri', 781001, 1471, 'FLAT', 2020, 100003, 10000130),
    (50000163, 3, 'Dwarka', 'New Delhi', 'Premium 3 BHK APARTMENT in Dwarka, New Delhi. Built in 2022 with 2239 sq ft area.', 'I-344', 'Hauz Khas', 110001, 2239, 'APARTMENT', 2022, 100005, 10000122),
    (50000164, 4, 'Morar', 'Gwalior', 'Premium 4 BHK APARTMENT in Morar, Gwalior. Built in 2016 with 1534 sq ft area.', 'J-357', 'Dabra', 474001, 1534, 'APARTMENT', 2016, 100006, 10000059),
    (50000165, 6, 'Andheri', 'Mumbai', 'Premium 6 BHK FLAT in Andheri, Mumbai. Built in 2023 with 1244 sq ft area.', 'K-370', 'Malad', 400001, 1244, 'FLAT', 2023, 100002, 10000123),
    (50000166, 1, 'Gomti Nagar', 'Lucknow', 'Premium 1 BHK APARTMENT in Gomti Nagar, Lucknow. Built in 2021 with 1252 sq ft area.', 'L-383', 'Aminabad', 226001, 1252, 'APARTMENT', 2021, 100002, 10000137),
    (50000167, 4, 'Morar', 'Gwalior', 'Premium 4 BHK FLAT in Morar, Gwalior. Built in 2025 with 1670 sq ft area.', 'M-396', 'Thatipur', 474001, 1670, 'FLAT', 2025, 100006, 10000072),
    (50000168, 3, 'Laxmi Ganj', 'Guwahati', 'Premium 3 BHK FLAT in Laxmi Ganj, Guwahati. Built in 2017 with 2840 sq ft area.', 'N-409', 'Maligaon', 781001, 2840, 'FLAT', 2017, 100005, 10000038),
    (50000169, 1, 'Paltan Bazaar', 'Guwahati', 'Premium 1 BHK FLAT in Paltan Bazaar, Guwahati. Built in 2019 with 2609 sq ft area.', 'O-422', 'Fancy Bazaar', 781001, 2609, 'FLAT', 2019, 100002, 10000094),
    (50000170, 6, 'Bandra', 'Mumbai', 'Premium 6 BHK FLAT in Bandra, Mumbai. Built in 2015 with 2560 sq ft area.', 'P-435', 'Dadar', 400001, 2560, 'FLAT', 2015, 100005, 10000001),
    (50000171, 5, 'Bandra', 'Mumbai', 'Premium 5 BHK FLAT in Bandra, Mumbai. Built in 2022 with 2536 sq ft area.', 'Q-448', 'Juhu', 400001, 2536, 'FLAT', 2022, 100004, 10000091),
    (50000172, 6, 'Connaught Place', 'New Delhi', 'Premium 6 BHK APARTMENT in Connaught Place, New Delhi. Built in 2014 with 1487 sq ft area.', 'R-461', 'Karol Bagh', 110001, 1487, 'APARTMENT', 2014, 100002, 10000027),
    (50000173, 3, 'Paltan Bazaar', 'Guwahati', 'Premium 3 BHK FLAT in Paltan Bazaar, Guwahati. Built in 2015 with 2083 sq ft area.', 'S-474', 'Beltola', 781001, 2083, 'FLAT', 2015, 100006, 10000051),
    (50000174, 2, 'Lashkar', 'Gwalior', 'Premium 2 BHK FLAT in Lashkar, Gwalior. Built in 2023 with 2684 sq ft area.', 'T-487', 'Pinto Park', 474001, 2684, 'FLAT', 2023, 100003, 10000068),
    (50000175, 5, 'Bandra', 'Mumbai', 'Premium 5 BHK FLAT in Bandra, Mumbai. Built in 2014 with 2639 sq ft area.', 'U-500', 'Dadar', 400001, 2639, 'FLAT', 2014, 100005, 10000148),
    (50000176, 6, 'Bandra', 'Mumbai', 'Premium 6 BHK APARTMENT in Bandra, Mumbai. Built in 2014 with 556 sq ft area.', 'V-513', 'Dadar', 400001, 556, 'APARTMENT', 2014, 100004, 10000119),
    (50000177, 4, 'Hazratganj', 'Lucknow', 'Premium 4 BHK APARTMENT in Hazratganj, Lucknow. Built in 2021 with 784 sq ft area.', 'W-526', 'Charbagh', 226001, 784, 'APARTMENT', 2021, 100004, 10000124),
    (50000178, 4, 'Hazratganj', 'Lucknow', 'Premium 4 BHK FLAT in Hazratganj, Lucknow. Built in 2015 with 1186 sq ft area.', 'X-539', 'Mahanagar', 226001, 1186, 'FLAT', 2015, 100003, 10000013),
    (50000179, 3, 'Hazratganj', 'Lucknow', 'Premium 3 BHK APARTMENT in Hazratganj, Lucknow. Built in 2018 with 1667 sq ft area.', 'Y-552', 'Aminabad', 226001, 1667, 'APARTMENT', 2018, 100002, 10000079),
    (50000180, 3, 'Laxmi Ganj', 'Guwahati', 'Premium 3 BHK APARTMENT in Laxmi Ganj, Guwahati. Built in 2016 with 2163 sq ft area.', 'Z-565', 'Fancy Bazaar', 781001, 2163, 'APARTMENT', 2016, 100003, 10000032),
    (50000181, 6, 'Bandra', 'Mumbai', 'Premium 6 BHK FLAT in Bandra, Mumbai. Built in 2022 with 842 sq ft area.', 'A-578', 'Powai', 400001, 842, 'FLAT', 2022, 100006, 10000064),
    (50000182, 3, 'Gomti Nagar', 'Lucknow', 'Premium 3 BHK FLAT in Gomti Nagar, Lucknow. Built in 2020 with 1107 sq ft area.', 'B-591', 'Charbagh', 226001, 1107, 'FLAT', 2020, 100003, 10000085),
    (50000183, 6, 'City Center', 'Gwalior', 'Premium 6 BHK FLAT in City Center, Gwalior. Built in 2021 with 999 sq ft area.', 'C-604', 'Phool Bagh', 474001, 999, 'FLAT', 2021, 100002, 10000105),
    (50000184, 5, 'City Center', 'Gwalior', 'Premium 5 BHK FLAT in City Center, Gwalior. Built in 2021 with 1785 sq ft area.', 'D-617', 'Thatipur', 474001, 1785, 'FLAT', 2021, 100003, 10000095),
    (50000185, 6, 'Connaught Place', 'New Delhi', 'Premium 6 BHK APARTMENT in Connaught Place, New Delhi. Built in 2023 with 1377 sq ft area.', 'E-630', 'Rohini', 110001, 1377, 'APARTMENT', 2023, 100002, 10000149),
    (50000186, 4, 'Uzan Bazaar', 'Guwahati', 'Premium 4 BHK APARTMENT in Uzan Bazaar, Guwahati. Built in 2016 with 1276 sq ft area.', 'F-643', 'Maligaon', 781001, 1276, 'APARTMENT', 2016, 100004, 10000101),
    (50000187, 2, 'Lashkar', 'Gwalior', 'Premium 2 BHK FLAT in Lashkar, Gwalior. Built in 2022 with 2951 sq ft area.', 'G-656', 'Thatipur', 474001, 2951, 'FLAT', 2022, 100003, 10000118),
    (50000188, 3, 'Vasant Kunj', 'New Delhi', 'Premium 3 BHK APARTMENT in Vasant Kunj, New Delhi. Built in 2018 with 2317 sq ft area.', 'H-669', 'Karol Bagh', 110001, 2317, 'APARTMENT', 2018, 100002, 10000143),
    (50000189, 3, 'Vasant Kunj', 'New Delhi', 'Premium 3 BHK APARTMENT in Vasant Kunj, New Delhi. Built in 2016 with 1714 sq ft area.', 'I-682', 'Rajouri Garden', 110001, 1714, 'APARTMENT', 2016, 100004, 10000099),
    (50000190, 2, 'Vasant Kunj', 'New Delhi', 'Premium 2 BHK APARTMENT in Vasant Kunj, New Delhi. Built in 2015 with 1373 sq ft area.', 'J-695', 'Hauz Khas', 110001, 1373, 'APARTMENT', 2015, 100002, 10000072),
    (50000191, 5, 'Gomti Nagar', 'Lucknow', 'Premium 5 BHK FLAT in Gomti Nagar, Lucknow. Built in 2017 with 2140 sq ft area.', 'K-708', 'Charbagh', 226001, 2140, 'FLAT', 2017, 100006, 10000001),
    (50000192, 4, 'Indira Nagar', 'Lucknow', 'Premium 4 BHK APARTMENT in Indira Nagar, Lucknow. Built in 2023 with 2006 sq ft area.', 'L-721', 'Charbagh', 226001, 2006, 'APARTMENT', 2023, 100005, 10000038),
    (50000193, 1, 'Morar', 'Gwalior', 'Premium 1 BHK APARTMENT in Morar, Gwalior. Built in 2018 with 1933 sq ft area.', 'M-734', 'Bada', 474001, 1933, 'APARTMENT', 2018, 100002, 10000059),
    (50000194, 5, 'Hazratganj', 'Lucknow', 'Premium 5 BHK APARTMENT in Hazratganj, Lucknow. Built in 2020 with 933 sq ft area.', 'N-747', 'Vikas Nagar', 226001, 933, 'APARTMENT', 2020, 100005, 10000006),
    (50000195, 5, 'Paltan Bazaar', 'Guwahati', 'Premium 5 BHK APARTMENT in Paltan Bazaar, Guwahati. Built in 2023 with 1167 sq ft area.', 'O-760', 'Maligaon', 781001, 1167, 'APARTMENT', 2023, 100003, 10000084),
    (50000196, 1, 'Dwarka', 'New Delhi', 'Premium 1 BHK FLAT in Dwarka, New Delhi. Built in 2022 with 582 sq ft area.', 'P-773', 'Rohini', 110001, 582, 'FLAT', 2022, 100002, 10000075),
    (50000197, 1, 'Laxmi Ganj', 'Guwahati', 'Premium 1 BHK APARTMENT in Laxmi Ganj, Guwahati. Built in 2025 with 1168 sq ft area.', 'Q-786', 'Beltola', 781001, 1168, 'APARTMENT', 2025, 100003, 10000082),
    (50000198, 3, 'Vasant Kunj', 'New Delhi', 'Premium 3 BHK FLAT in Vasant Kunj, New Delhi. Built in 2019 with 2255 sq ft area.', 'R-799', 'Karol Bagh', 110001, 2255, 'FLAT', 2019, 100003, 10000099),
    (50000199, 6, 'Laxmi Ganj', 'Guwahati', 'Premium 6 BHK APARTMENT in Laxmi Ganj, Guwahati. Built in 2020 with 1990 sq ft area.', 'S-812', 'Ganeshguri', 781001, 1990, 'APARTMENT', 2020, 100002, 10000050),
    (50000200, 1, 'City Center', 'Gwalior', 'Premium 1 BHK APARTMENT in City Center, Gwalior. Built in 2024 with 847 sq ft area.', 'T-825', 'Bada', 474001, 847, 'APARTMENT', 2024, 100004, 10000112);



insert into agent ( agent_id, commission_rate, experience, licence_number, status, office_id )
	values
	( 10000003, 4.6, 0, 'LIC1001', 'ACTIVE', 100002 ),
	( 10000008, 1.57, 2, 'LIC1002', 'ACTIVE', 100006 ),
	( 10000009, 1.23, 8, 'LIC1003', 'ACTIVE', 100006 ),
	( 10000011, 4.11, 4, 'LIC1004', 'INACTIVE', 100005 ),
	( 10000016, 3.95, 0, 'LIC1005', 'ACTIVE', 100005 ),
	( 10000026, 3.49, 4, 'LIC1006', 'ACTIVE', 100006 ),
	( 10000044, 3.96, 0, 'LIC1007', 'ACTIVE', 100005 ),
	( 10000049, 1.87, 2, 'LIC1008', 'ACTIVE', 100002 ),
	( 10000056, 3.04, 8, 'LIC1009', 'INACTIVE', 100003 ),
	( 10000061, 2.55, 0, 'LIC1010', 'ACTIVE', 100006 ),
	( 10000069, 4.57, 5, 'LIC1011', 'ACTIVE', 100003 ),
	( 10000073, 1.02, 3, 'LIC1012', 'ACTIVE', 100006 ),
	( 10000077, 2.64, 7, 'LIC1013', 'INACTIVE', 100003 ),
	( 10000078, 1.25, 2, 'LIC1014', 'ACTIVE', 100004 ),
	( 10000083, 1.36, 3, 'LIC1015', 'ACTIVE', 100002 ),
	( 10000086, 3.58, 8, 'LIC1016', 'ACTIVE', 100004 ),
	( 10000088, 1.03, 8, 'LIC1017', 'ACTIVE', 100003 ),
	( 10000102, 1.19, 3, 'LIC1018', 'INACTIVE', 100004 ),
	( 10000103, 3.29, 7, 'LIC1019', 'ACTIVE', 100005 ),
	( 10000106, 3.57, 8, 'LIC1020', 'ACTIVE', 100006 ),
	( 10000110, 0.63, 5, 'LIC1021', 'ACTIVE', 100002 ),
	( 10000113, 2.86, 2, 'LIC1022', 'INACTIVE', 100002 ),
	( 10000117, 0.75, 3, 'LIC1023', 'ACTIVE', 100006 ),
	( 10000120, 1.41, 2, 'LIC1024', 'ACTIVE', 100006 ),
	( 10000128, 4.98, 4, 'LIC1025', 'ACTIVE', 100004 ),
	( 10000129, 2.37, 4, 'LIC1026', 'ACTIVE', 100005 ),
	( 10000135, 1.85, 6, 'LIC1027', 'ACTIVE', 100006 ),
	( 10000136, 4.46, 3, 'LIC1028', 'INACTIVE', 100004 ),
	( 10000138, 2.22, 6, 'LIC1029', 'ACTIVE', 100002 ),
	( 10000150, 3.36, 6, 'LIC1030', 'ACTIVE', 100002 );



insert into listing_token ( id, description, listing_date, list_type, price, status, agent_id, property_id )
	values
	( 10000001, 'Cozy apartment for sale', '2016-05-12', 'SELL', 42280000, 'INACTIVE', NULL, 50000196 ),
	( 10000002, 'Modern house for sale', '2018-12-23', 'SELL', 44450000, 'ACTIVE', NULL, 50000061 ),
	( 10000003, 'Spacious property for sale', '2016-02-11', 'SELL', 39870000, 'INACTIVE', 10000128, 50000023 ),
	( 10000004, 'Luxury villa for sale', '2023-06-29', 'SELL', 1590000, 'ACTIVE', 10000128, 50000179 ),
	( 10000005, 'Spacious property for sale', '2022-05-03', 'SELL', 36620000, 'ACTIVE', 10000138, 50000099 ),
	( 10000006, 'Modern house for sale', '2019-05-11', 'SELL', 45290000, 'ACTIVE', NULL, 50000142 ),
	( 10000007, 'Spacious property for sale', '2019-06-21', 'SELL', 5760000, 'INACTIVE', 10000016, 50000101 ),
	( 10000008, 'Modern house for sale', '2017-10-25', 'SELL', 10410000, 'ACTIVE', NULL, 50000189 ),
	( 10000009, 'Cozy apartment for sale', '2018-01-31', 'SELL', 40400000, 'INACTIVE', 10000120, 50000183 ),
	( 10000010, 'Spacious property for sale', '2016-05-03', 'SELL', 2010000, 'INACTIVE', 10000088, 50000069 ),
	( 10000011, 'Modern house for rent', '2019-08-01', 'RENT', 33000, 'INACTIVE', NULL, 50000124 ),
	( 10000012, 'Spacious property for sale', '2023-12-29', 'SELL', 31360000, 'ACTIVE', 10000073, 50000179 ),
	( 10000013, 'Cozy apartment for rent', '2018-04-14', 'RENT', 80000, 'INACTIVE', 10000077, 50000102 ),
	( 10000014, 'Spacious property for rent', '2019-10-11', 'RENT', 64000, 'ACTIVE', 10000088, 50000142 ),
	( 10000015, 'Modern house for sale', '2017-09-14', 'SELL', 22220000, 'INACTIVE', 10000016, 50000166 ),
	( 10000016, 'Luxury villa for sale', '2022-06-03', 'SELL', 19480000, 'INACTIVE', 10000120, 50000035 ),
	( 10000017, 'Modern house for sale', '2020-03-25', 'SELL', 42520000, 'INACTIVE', NULL, 50000135 ),
	( 10000018, 'Modern house for sale', '2021-05-09', 'SELL', 43310000, 'ACTIVE', 10000086, 50000187 ),
	( 10000019, 'Modern house for rent', '2018-03-20', 'RENT', 84000, 'INACTIVE', 10000120, 50000027 ),
	( 10000020, 'Spacious property for rent', '2019-01-01', 'RENT', 84000, 'INACTIVE', 10000106, 50000188 ),
	( 10000021, 'Modern house for rent', '2017-02-21', 'RENT', 63000, 'ACTIVE', 10000061, 50000051 ),
	( 10000022, 'Affordable studio for rent', '2021-05-16', 'RENT', 88000, 'INACTIVE', 10000077, 50000186 ),
	( 10000023, 'Luxury villa for sale', '2021-12-14', 'SELL', 43270000, 'INACTIVE', 10000003, 50000122 ),
	( 10000024, 'Spacious property for rent', '2022-04-07', 'RENT', 79000, 'INACTIVE', 10000073, 50000064 ),
	( 10000025, 'Modern house for sale', '2019-09-11', 'SELL', 24400000, 'ACTIVE', 10000056, 50000147 ),
	( 10000026, 'Affordable studio for rent', '2019-05-11', 'RENT', 58000, 'INACTIVE', 10000069, 50000078 ),
	( 10000027, 'Modern house for sale', '2018-07-05', 'SELL', 42450000, 'INACTIVE', NULL, 50000148 ),
	( 10000028, 'Affordable studio for rent', '2017-09-11', 'RENT', 21000, 'ACTIVE', 10000128, 50000028 ),
	( 10000029, 'Spacious property for rent', '2022-12-12', 'RENT', 44000, 'ACTIVE', 10000011, 50000162 ),
	( 10000030, 'Spacious property for sale', '2022-06-28', 'SELL', 26910000, 'ACTIVE', 10000078, 50000174 ),
	( 10000031, 'Affordable studio for rent', '2022-01-24', 'RENT', 48000, 'INACTIVE', 10000077, 50000145 ),
	( 10000032, 'Affordable studio for sale', '2017-04-19', 'SELL', 17930000, 'INACTIVE', NULL, 50000022 ),
	( 10000033, 'Modern house for rent', '2016-12-12', 'RENT', 16000, 'ACTIVE', 10000088, 50000196 ),
	( 10000034, 'Spacious property for rent', '2021-07-12', 'RENT', 42000, 'ACTIVE', 10000011, 50000157 ),
	( 10000035, 'Affordable studio for rent', '2016-12-26', 'RENT', 82000, 'INACTIVE', 10000150, 50000080 ),
	( 10000036, 'Spacious property for sale', '2022-10-29', 'SELL', 4260000, 'INACTIVE', 10000106, 50000179 ),
	( 10000037, 'Affordable studio for sale', '2020-06-22', 'SELL', 25960000, 'INACTIVE', NULL, 50000002 ),
	( 10000038, 'Luxury villa for sale', '2016-01-26', 'SELL', 37190000, 'ACTIVE', 10000049, 50000075 ),
	( 10000039, 'Modern house for rent', '2019-12-18', 'RENT', 44000, 'INACTIVE', 10000026, 50000141 ),
	( 10000040, 'Spacious property for sale', '2022-05-18', 'SELL', 12680000, 'ACTIVE', NULL, 50000087 ),
	( 10000041, 'Modern house for sale', '2017-02-05', 'SELL', 11180000, 'INACTIVE', 10000150, 50000103 ),
	( 10000042, 'Affordable studio for sale', '2019-08-26', 'SELL', 10850000, 'INACTIVE', 10000016, 50000199 ),
	( 10000043, 'Affordable studio for sale', '2021-12-30', 'SELL', 44110000, 'INACTIVE', 10000061, 50000070 ),
	( 10000044, 'Affordable studio for rent', '2021-07-03', 'RENT', 31000, 'INACTIVE', NULL, 50000030 ),
	( 10000045, 'Spacious property for rent', '2023-02-14', 'RENT', 89000, 'ACTIVE', 10000117, 50000122 ),
	( 10000046, 'Affordable studio for rent', '2017-06-05', 'RENT', 69000, 'ACTIVE', NULL, 50000034 ),
	( 10000047, 'Cozy apartment for rent', '2021-05-23', 'RENT', 81000, 'INACTIVE', 10000056, 50000007 ),
	( 10000048, 'Spacious property for sale', '2018-07-21', 'SELL', 1620000, 'INACTIVE', 10000138, 50000096 ),
	( 10000049, 'Cozy apartment for rent', '2018-05-11', 'RENT', 41000, 'ACTIVE', 10000061, 50000028 ),
	( 10000050, 'Modern house for sale', '2020-02-26', 'SELL', 48050000, 'INACTIVE', NULL, 50000199 ),
	( 10000051, 'Modern house for rent', '2018-02-16', 'RENT', 56000, 'INACTIVE', 10000061, 50000131 ),
	( 10000052, 'Affordable studio for rent', '2018-11-12', 'RENT', 48000, 'INACTIVE', 10000044, 50000038 ),
	( 10000053, 'Luxury villa for sale', '2016-12-01', 'SELL', 18850000, 'INACTIVE', 10000044, 50000005 ),
	( 10000054, 'Spacious property for rent', '2019-11-23', 'RENT', 65000, 'ACTIVE', 10000113, 50000066 ),
	( 10000055, 'Luxury villa for rent', '2019-11-05', 'RENT', 60000, 'ACTIVE', 10000049, 50000148 ),
	( 10000056, 'Affordable studio for rent', '2019-11-07', 'RENT', 36000, 'INACTIVE', 10000049, 50000118 ),
	( 10000057, 'Affordable studio for sale', '2022-06-19', 'SELL', 4620000, 'ACTIVE', 10000003, 50000047 ),
	( 10000058, 'Modern house for rent', '2019-01-11', 'RENT', 74000, 'ACTIVE', 10000026, 50000028 ),
	( 10000059, 'Modern house for rent', '2017-06-01', 'RENT', 39000, 'INACTIVE', 10000113, 50000005 ),
	( 10000060, 'Luxury villa for rent', '2017-06-24', 'RENT', 25000, 'INACTIVE', NULL, 50000120 ),
	( 10000061, 'Cozy apartment for sale', '2016-10-11', 'SELL', 14960000, 'INACTIVE', 10000138, 50000023 ),
	( 10000062, 'Luxury villa for sale', '2017-01-11', 'SELL', 16950000, 'INACTIVE', 10000113, 50000028 ),
	( 10000063, 'Luxury villa for sale', '2022-01-01', 'SELL', 29100000, 'ACTIVE', 10000135, 50000198 ),
	( 10000064, 'Modern house for rent', '2019-01-08', 'RENT', 58000, 'ACTIVE', NULL, 50000009 ),
	( 10000065, 'Affordable studio for rent', '2022-04-09', 'RENT', 28000, 'ACTIVE', 10000129, 50000024 ),
	( 10000066, 'Modern house for sale', '2018-11-14', 'SELL', 18740000, 'INACTIVE', 10000049, 50000102 ),
	( 10000067, 'Spacious property for rent', '2016-06-29', 'RENT', 57000, 'INACTIVE', 10000011, 50000040 ),
	( 10000068, 'Affordable studio for sale', '2021-08-13', 'SELL', 28300000, 'INACTIVE', 10000102, 50000053 ),
	( 10000069, 'Modern house for sale', '2019-04-25', 'SELL', 32660000, 'INACTIVE', 10000110, 50000130 ),
	( 10000070, 'Affordable studio for sale', '2022-01-23', 'SELL', 42580000, 'INACTIVE', 10000120, 50000007 ),
	( 10000071, 'Luxury villa for sale', '2016-12-10', 'SELL', 9470000, 'INACTIVE', 10000003, 50000132 ),
	( 10000072, 'Cozy apartment for sale', '2021-05-07', 'SELL', 37920000, 'ACTIVE', 10000078, 50000059 ),
	( 10000073, 'Spacious property for rent', '2022-01-15', 'RENT', 31000, 'INACTIVE', NULL, 50000018 ),
	( 10000074, 'Spacious property for sale', '2020-07-01', 'SELL', 29970000, 'INACTIVE', 10000102, 50000129 ),
	( 10000075, 'Affordable studio for sale', '2016-10-07', 'SELL', 42680000, 'ACTIVE', 10000135, 50000098 ),
	( 10000076, 'Luxury villa for rent', '2019-03-21', 'RENT', 34000, 'ACTIVE', 10000086, 50000096 ),
	( 10000077, 'Luxury villa for sale', '2018-09-16', 'SELL', 21640000, 'INACTIVE', 10000110, 50000067 ),
	( 10000078, 'Cozy apartment for sale', '2019-09-27', 'SELL', 27000000, 'INACTIVE', 10000049, 50000095 ),
	( 10000079, 'Luxury villa for rent', '2019-09-02', 'RENT', 89000, 'INACTIVE', 10000078, 50000020 ),
	( 10000080, 'Cozy apartment for rent', '2017-10-16', 'RENT', 47000, 'INACTIVE', 10000078, 50000062 ),
	( 10000081, 'Luxury villa for sale', '2020-07-18', 'SELL', 3510000, 'INACTIVE', 10000110, 50000141 ),
	( 10000082, 'Modern house for sale', '2017-12-12', 'SELL', 18910000, 'INACTIVE', 10000011, 50000033 ),
	( 10000083, 'Spacious property for rent', '2022-06-30', 'RENT', 45000, 'INACTIVE', NULL, 50000070 ),
	( 10000084, 'Affordable studio for sale', '2020-06-07', 'SELL', 10790000, 'INACTIVE', NULL, 50000118 ),
	( 10000085, 'Modern house for rent', '2021-04-21', 'RENT', 42000, 'INACTIVE', 10000026, 50000111 ),
	( 10000086, 'Affordable studio for sale', '2020-03-16', 'SELL', 16620000, 'ACTIVE', NULL, 50000008 ),
	( 10000087, 'Luxury villa for rent', '2020-04-27', 'RENT', 21000, 'ACTIVE', 10000129, 50000095 ),
	( 10000088, 'Affordable studio for rent', '2019-10-26', 'RENT', 76000, 'ACTIVE', 10000102, 50000021 ),
	( 10000089, 'Spacious property for rent', '2018-10-02', 'RENT', 13000, 'INACTIVE', 10000078, 50000015 ),
	( 10000090, 'Spacious property for rent', '2022-09-03', 'RENT', 64000, 'ACTIVE', 10000136, 50000030 ),
	( 10000091, 'Cozy apartment for rent', '2017-07-19', 'RENT', 91000, 'ACTIVE', 10000129, 50000195 ),
	( 10000092, 'Luxury villa for rent', '2016-09-03', 'RENT', 31000, 'INACTIVE', 10000008, 50000138 ),
	( 10000093, 'Affordable studio for rent', '2019-06-12', 'RENT', 88000, 'ACTIVE', 10000103, 50000038 ),
	( 10000094, 'Cozy apartment for sale', '2021-02-14', 'SELL', 44320000, 'INACTIVE', NULL, 50000013 ),
	( 10000095, 'Affordable studio for sale', '2016-03-07', 'SELL', 38560000, 'INACTIVE', 10000078, 50000098 ),
	( 10000096, 'Affordable studio for rent', '2019-01-17', 'RENT', 48000, 'INACTIVE', 10000128, 50000136 ),
	( 10000097, 'Spacious property for sale', '2016-10-05', 'SELL', 23500000, 'INACTIVE', 10000078, 50000034 ),
	( 10000098, 'Affordable studio for sale', '2017-05-30', 'SELL', 26820000, 'INACTIVE', 10000083, 50000045 ),
	( 10000099, 'Luxury villa for rent', '2017-07-10', 'RENT', 65000, 'INACTIVE', NULL, 50000068 ),
	( 10000100, 'Modern house for sale', '2017-04-03', 'SELL', 40630000, 'INACTIVE', NULL, 50000074 ),
	( 10000101, 'Cozy apartment for rent', '2016-03-23', 'RENT', 18000, 'INACTIVE', 10000016, 50000046 ),
	( 10000102, 'Cozy apartment for sale', '2018-12-07', 'SELL', 25320000, 'ACTIVE', 10000106, 50000113 ),
	( 10000103, 'Modern house for rent', '2017-08-26', 'RENT', 25000, 'INACTIVE', 10000009, 50000080 ),
	( 10000104, 'Spacious property for rent', '2020-08-11', 'RENT', 40000, 'INACTIVE', 10000049, 50000152 ),
	( 10000105, 'Affordable studio for rent', '2020-04-10', 'RENT', 56000, 'INACTIVE', 10000102, 50000083 ),
	( 10000106, 'Modern house for sale', '2022-03-12', 'SELL', 44400000, 'ACTIVE', 10000009, 50000157 ),
	( 10000107, 'Cozy apartment for sale', '2021-11-19', 'SELL', 25730000, 'INACTIVE', 10000011, 50000047 ),
	( 10000108, 'Cozy apartment for sale', '2017-05-07', 'SELL', 22120000, 'ACTIVE', 10000117, 50000098 ),
	( 10000109, 'Affordable studio for sale', '2021-08-29', 'SELL', 13280000, 'INACTIVE', NULL, 50000001 ),
	( 10000110, 'Spacious property for sale', '2019-03-16', 'SELL', 41170000, 'INACTIVE', 10000135, 50000067 ),
	( 10000111, 'Modern house for rent', '2019-09-21', 'RENT', 32000, 'ACTIVE', 10000044, 50000096 ),
	( 10000112, 'Cozy apartment for sale', '2022-01-12', 'SELL', 27390000, 'ACTIVE', 10000088, 50000048 ),
	( 10000113, 'Luxury villa for rent', '2018-06-26', 'RENT', 86000, 'INACTIVE', 10000003, 50000021 ),
	( 10000114, 'Affordable studio for sale', '2017-01-20', 'SELL', 2870000, 'INACTIVE', 10000078, 50000155 ),
	( 10000115, 'Modern house for rent', '2020-05-02', 'RENT', 63000, 'INACTIVE', NULL, 50000020 ),
	( 10000116, 'Cozy apartment for rent', '2021-03-11', 'RENT', 55000, 'INACTIVE', NULL, 50000088 ),
	( 10000117, 'Affordable studio for sale', '2022-02-25', 'SELL', 37460000, 'ACTIVE', 10000110, 50000041 ),
	( 10000118, 'Spacious property for sale', '2019-02-02', 'SELL', 39180000, 'INACTIVE', 10000103, 50000084 ),
	( 10000119, 'Cozy apartment for sale', '2020-05-21', 'SELL', 5130000, 'INACTIVE', NULL, 50000106 ),
	( 10000120, 'Luxury villa for rent', '2019-02-18', 'RENT', 97000, 'INACTIVE', 10000003, 50000032 ),
	( 10000121, 'Affordable studio for sale', '2021-09-23', 'SELL', 28130000, 'INACTIVE', 10000106, 50000076 ),
	( 10000122, 'Affordable studio for rent', '2020-03-09', 'RENT', 68000, 'INACTIVE', 10000078, 50000187 ),
	( 10000123, 'Spacious property for rent', '2017-08-20', 'RENT', 64000, 'INACTIVE', 10000044, 50000155 ),
	( 10000124, 'Cozy apartment for sale', '2020-12-03', 'SELL', 32270000, 'ACTIVE', 10000136, 50000094 ),
	( 10000125, 'Cozy apartment for rent', '2022-07-15', 'RENT', 64000, 'ACTIVE', 10000056, 50000018 ),
	( 10000126, 'Modern house for rent', '2016-12-03', 'RENT', 38000, 'INACTIVE', NULL, 50000069 ),
	( 10000127, 'Modern house for sale', '2018-09-25', 'SELL', 31110000, 'INACTIVE', NULL, 50000194 ),
	( 10000128, 'Modern house for sale', '2020-02-13', 'SELL', 27530000, 'INACTIVE', NULL, 50000112 ),
	( 10000129, 'Cozy apartment for rent', '2018-11-21', 'RENT', 37000, 'INACTIVE', 10000061, 50000165 ),
	( 10000130, 'Luxury villa for rent', '2020-02-21', 'RENT', 39000, 'ACTIVE', 10000135, 50000101 ),
	( 10000131, 'Cozy apartment for sale', '2019-10-14', 'SELL', 13140000, 'ACTIVE', 10000083, 50000102 ),
	( 10000132, 'Spacious property for rent', '2020-06-15', 'RENT', 84000, 'INACTIVE', 10000008, 50000181 ),
	( 10000133, 'Spacious property for sale', '2017-10-05', 'SELL', 21990000, 'INACTIVE', 10000106, 50000103 ),
	( 10000134, 'Cozy apartment for sale', '2018-05-09', 'SELL', 35270000, 'INACTIVE', 10000016, 50000177 ),
	( 10000135, 'Modern house for sale', '2018-08-31', 'SELL', 27890000, 'ACTIVE', 10000117, 50000119 ),
	( 10000136, 'Cozy apartment for sale', '2023-04-08', 'SELL', 20840000, 'ACTIVE', 10000078, 50000133 ),
	( 10000137, 'Luxury villa for sale', '2021-11-16', 'SELL', 22830000, 'ACTIVE', 10000083, 50000186 ),
	( 10000138, 'Modern house for rent', '2017-04-03', 'RENT', 74000, 'ACTIVE', 10000103, 50000138 ),
	( 10000139, 'Luxury villa for sale', '2019-03-05', 'SELL', 700000, 'INACTIVE', 10000150, 50000148 ),
	( 10000140, 'Luxury villa for sale', '2016-06-13', 'SELL', 41110000, 'ACTIVE', 10000056, 50000092 ),
	( 10000141, 'Spacious property for sale', '2018-10-11', 'SELL', 43400000, 'INACTIVE', 10000113, 50000142 ),
	( 10000142, 'Affordable studio for sale', '2020-08-02', 'SELL', 32590000, 'INACTIVE', 10000102, 50000025 ),
	( 10000143, 'Affordable studio for rent', '2022-09-09', 'RENT', 86000, 'ACTIVE', NULL, 50000029 ),
	( 10000144, 'Modern house for rent', '2021-10-09', 'RENT', 79000, 'INACTIVE', 10000129, 50000024 ),
	( 10000145, 'Modern house for sale', '2016-11-24', 'SELL', 48170000, 'ACTIVE', 10000088, 50000184 ),
	( 10000146, 'Cozy apartment for rent', '2020-01-03', 'RENT', 74000, 'INACTIVE', 10000138, 50000089 ),
	( 10000147, 'Cozy apartment for sale', '2018-04-30', 'SELL', 35660000, 'ACTIVE', NULL, 50000114 ),
	( 10000148, 'Spacious property for rent', '2022-03-09', 'RENT', 71000, 'ACTIVE', 10000026, 50000187 ),
	( 10000149, 'Luxury villa for rent', '2024-04-29', 'RENT', 10000, 'ACTIVE', 10000069, 50000179 ),
	( 10000150, 'Spacious property for sale', '2023-08-03', 'SELL', 22130000, 'ACTIVE', 10000061, 50000035 ),
	( 10000151, 'Spacious property for rent', '2017-09-05', 'RENT', 15000, 'ACTIVE', 10000128, 50000039 ),
	( 10000152, 'Modern house for rent', '2019-03-31', 'RENT', 38000, 'INACTIVE', NULL, 50000055 ),
	( 10000153, 'Cozy apartment for rent', '2018-03-29', 'RENT', 22000, 'INACTIVE', NULL, 50000154 ),
	( 10000154, 'Affordable studio for sale', '2019-10-02', 'SELL', 31730000, 'INACTIVE', 10000106, 50000084 ),
	( 10000155, 'Modern house for rent', '2021-02-07', 'RENT', 92000, 'INACTIVE', 10000150, 50000192 ),
	( 10000156, 'Affordable studio for rent', '2019-11-09', 'RENT', 48000, 'ACTIVE', 10000073, 50000182 ),
	( 10000157, 'Affordable studio for sale', '2020-04-26', 'SELL', 28770000, 'ACTIVE', NULL, 50000031 ),
	( 10000158, 'Modern house for sale', '2020-01-28', 'SELL', 38520000, 'ACTIVE', 10000049, 50000164 ),
	( 10000159, 'Cozy apartment for sale', '2020-06-25', 'SELL', 21340000, 'ACTIVE', 10000128, 50000194 ),
	( 10000160, 'Modern house for sale', '2016-10-14', 'SELL', 21720000, 'INACTIVE', 10000088, 50000161 ),
	( 10000161, 'Spacious property for sale', '2020-07-17', 'SELL', 18470000, 'ACTIVE', 10000088, 50000077 ),
	( 10000162, 'Cozy apartment for sale', '2018-02-07', 'SELL', 47870000, 'INACTIVE', NULL, 50000004 ),
	( 10000163, 'Cozy apartment for sale', '2019-05-25', 'SELL', 27300000, 'INACTIVE', 10000136, 50000194 ),
	( 10000164, 'Spacious property for sale', '2018-01-10', 'SELL', 3620000, 'INACTIVE', 10000129, 50000068 ),
	( 10000165, 'Luxury villa for sale', '2020-09-12', 'SELL', 37480000, 'INACTIVE', NULL, 50000048 ),
	( 10000166, 'Spacious property for sale', '2020-09-21', 'SELL', 6110000, 'ACTIVE', 10000120, 50000175 ),
	( 10000167, 'Cozy apartment for rent', '2020-01-19', 'RENT', 77000, 'INACTIVE', NULL, 50000037 ),
	( 10000168, 'Spacious property for sale', '2022-11-23', 'SELL', 26750000, 'ACTIVE', 10000120, 50000012 ),
	( 10000169, 'Affordable studio for sale', '2019-10-13', 'SELL', 40140000, 'ACTIVE', NULL, 50000043 ),
	( 10000170, 'Modern house for rent', '2020-08-26', 'RENT', 62000, 'INACTIVE', 10000077, 50000199 ),
	( 10000171, 'Luxury villa for sale', '2022-05-02', 'SELL', 8110000, 'ACTIVE', 10000008, 50000139 ),
	( 10000172, 'Spacious property for rent', '2024-06-03', 'RENT', 69000, 'ACTIVE', NULL, 50000035 ),
	( 10000173, 'Cozy apartment for rent', '2022-12-03', 'RENT', 78000, 'INACTIVE', 10000061, 50000035 ),
	( 10000174, 'Luxury villa for sale', '2020-11-02', 'SELL', 35040000, 'ACTIVE', 10000008, 50000020 ),
	( 10000175, 'Luxury villa for sale', '2020-11-01', 'SELL', 7460000, 'INACTIVE', 10000011, 50000198 ),
	( 10000176, 'Spacious property for rent', '2022-01-08', 'RENT', 25000, 'ACTIVE', 10000150, 50000197 ),
	( 10000177, 'Spacious property for sale', '2021-04-21', 'SELL', 15880000, 'ACTIVE', 10000044, 50000175 ),
	( 10000178, 'Luxury villa for sale', '2022-07-30', 'SELL', 42620000, 'ACTIVE', 10000078, 50000006 ),
	( 10000179, 'Spacious property for rent', '2022-06-14', 'RENT', 27000, 'INACTIVE', 10000008, 50000122 ),
	( 10000180, 'Luxury villa for rent', '2020-05-31', 'RENT', 13000, 'ACTIVE', NULL, 50000055 ),
	( 10000181, 'Spacious property for sale', '2018-11-29', 'SELL', 39880000, 'INACTIVE', 10000003, 50000154 ),
	( 10000182, 'Cozy apartment for rent', '2017-05-24', 'RENT', 51000, 'ACTIVE', NULL, 50000184 ),
	( 10000183, 'Affordable studio for rent', '2018-01-06', 'RENT', 45000, 'INACTIVE', 10000078, 50000108 ),
	( 10000184, 'Spacious property for sale', '2020-08-27', 'SELL', 46270000, 'INACTIVE', 10000077, 50000100 ),
	( 10000185, 'Luxury villa for rent', '2017-08-20', 'RENT', 32000, 'INACTIVE', 10000136, 50000091 ),
	( 10000186, 'Cozy apartment for rent', '2019-09-18', 'RENT', 85000, 'ACTIVE', 10000009, 50000032 ),
	( 10000187, 'Luxury villa for sale', '2022-06-28', 'SELL', 38960000, 'ACTIVE', 10000061, 50000110 ),
	( 10000188, 'Cozy apartment for sale', '2018-07-10', 'SELL', 15350000, 'INACTIVE', NULL, 50000068 ),
	( 10000189, 'Spacious property for rent', '2018-04-05', 'RENT', 89000, 'ACTIVE', 10000016, 50000103 ),
	( 10000190, 'Luxury villa for rent', '2016-08-09', 'RENT', 57000, 'INACTIVE', 10000110, 50000063 ),
	( 10000191, 'Affordable studio for sale', '2019-04-09', 'SELL', 21050000, 'INACTIVE', NULL, 50000182 ),
	( 10000192, 'Cozy apartment for rent', '2020-10-25', 'RENT', 22000, 'INACTIVE', 10000056, 50000135 ),
	( 10000193, 'Affordable studio for sale', '2023-12-14', 'SELL', 42940000, 'ACTIVE', NULL, 50000122 ),
	( 10000194, 'Cozy apartment for sale', '2022-04-23', 'SELL', 26760000, 'INACTIVE', 10000120, 50000012 ),
	( 10000195, 'Luxury villa for rent', '2019-03-15', 'RENT', 96000, 'INACTIVE', 10000044, 50000107 ),
	( 10000196, 'Cozy apartment for sale', '2018-01-03', 'SELL', 22390000, 'ACTIVE', 10000128, 50000138 ),
	( 10000197, 'Affordable studio for rent', '2022-03-11', 'RENT', 65000, 'ACTIVE', NULL, 50000088 ),
	( 10000198, 'Luxury villa for rent', '2021-01-13', 'RENT', 29000, 'ACTIVE', NULL, 50000117 ),
	( 10000199, 'Luxury villa for rent', '2019-11-30', 'RENT', 19000, 'INACTIVE', 10000150, 50000055 ),
	( 10000200, 'Spacious property for rent', '2018-12-26', 'RENT', 93000, 'INACTIVE', 10000120, 50000021 ),
	( 10000201, 'Luxury villa for sale', '2021-05-25', 'SELL', 25220000, 'ACTIVE', 10000003, 50000135 ),
	( 10000202, 'Luxury villa for sale', '2018-09-06', 'SELL', 4240000, 'ACTIVE', NULL, 50000108 ),
	( 10000203, 'Modern house for sale', '2019-04-02', 'SELL', 28060000, 'ACTIVE', 10000026, 50000015 ),
	( 10000204, 'Luxury villa for rent', '2022-07-16', 'RENT', 52000, 'ACTIVE', 10000009, 50000186 ),
	( 10000205, 'Spacious property for sale', '2017-06-08', 'SELL', 4470000, 'INACTIVE', 10000102, 50000172 ),
	( 10000206, 'Cozy apartment for sale', '2020-09-09', 'SELL', 21610000, 'INACTIVE', 10000083, 50000187 ),
	( 10000207, 'Luxury villa for rent', '2020-12-21', 'RENT', 56000, 'ACTIVE', NULL, 50000106 ),
	( 10000208, 'Modern house for sale', '2018-01-22', 'SELL', 11220000, 'INACTIVE', 10000044, 50000056 ),
	( 10000209, 'Affordable studio for rent', '2021-01-29', 'RENT', 79000, 'ACTIVE', 10000009, 50000065 ),
	( 10000210, 'Affordable studio for sale', '2022-08-24', 'SELL', 1100000, 'INACTIVE', 10000128, 50000145 ),
	( 10000211, 'Luxury villa for rent', '2017-06-14', 'RENT', 12000, 'INACTIVE', 10000138, 50000161 ),
	( 10000212, 'Luxury villa for rent', '2022-02-28', 'RENT', 93000, 'INACTIVE', 10000003, 50000001 ),
	( 10000213, 'Cozy apartment for rent', '2019-05-27', 'RENT', 29000, 'ACTIVE', 10000069, 50000026 ),
	( 10000214, 'Cozy apartment for sale', '2021-08-26', 'SELL', 48660000, 'ACTIVE', 10000044, 50000199 ),
	( 10000215, 'Spacious property for sale', '2022-04-16', 'SELL', 11800000, 'ACTIVE', 10000103, 50000191 ),
	( 10000216, 'Affordable studio for rent', '2021-08-22', 'RENT', 60000, 'INACTIVE', 10000061, 50000180 ),
	( 10000217, 'Luxury villa for rent', '2019-11-15', 'RENT', 37000, 'ACTIVE', 10000138, 50000107 ),
	( 10000218, 'Spacious property for rent', '2022-06-12', 'RENT', 33000, 'INACTIVE', 10000110, 50000162 ),
	( 10000219, 'Cozy apartment for sale', '2021-11-03', 'SELL', 39500000, 'INACTIVE', 10000077, 50000099 ),
	( 10000220, 'Cozy apartment for sale', '2017-06-11', 'SELL', 45530000, 'ACTIVE', 10000069, 50000023 ),
	( 10000221, 'Affordable studio for sale', '2020-07-28', 'SELL', 21630000, 'ACTIVE', 10000003, 50000164 ),
	( 10000222, 'Spacious property for rent', '2019-05-29', 'RENT', 40000, 'INACTIVE', 10000120, 50000154 ),
	( 10000223, 'Spacious property for sale', '2022-08-24', 'SELL', 15230000, 'ACTIVE', 10000120, 50000081 ),
	( 10000224, 'Luxury villa for rent', '2021-06-17', 'RENT', 97000, 'ACTIVE', NULL, 50000082 ),
	( 10000225, 'Cozy apartment for rent', '2022-03-22', 'RENT', 12000, 'ACTIVE', 10000061, 50000180 ),
	( 10000226, 'Spacious property for rent', '2017-09-03', 'RENT', 46000, 'ACTIVE', 10000120, 50000069 ),
	( 10000227, 'Affordable studio for rent', '2022-07-12', 'RENT', 27000, 'ACTIVE', 10000061, 50000157 ),
	( 10000228, 'Modern house for sale', '2018-03-20', 'SELL', 31910000, 'INACTIVE', 10000078, 50000091 ),
	( 10000229, 'Cozy apartment for rent', '2021-07-01', 'RENT', 52000, 'INACTIVE', NULL, 50000198 ),
	( 10000230, 'Affordable studio for rent', '2018-08-16', 'RENT', 74000, 'ACTIVE', 10000009, 50000131 ),
	( 10000231, 'Modern house for rent', '2017-12-30', 'RENT', 15000, 'INACTIVE', 10000049, 50000045 ),
	( 10000232, 'Spacious property for sale', '2020-12-19', 'SELL', 15620000, 'ACTIVE', 10000102, 50000042 ),
	( 10000233, 'Affordable studio for rent', '2018-08-05', 'RENT', 79000, 'ACTIVE', 10000103, 50000103 ),
	( 10000234, 'Affordable studio for rent', '2021-07-03', 'RENT', 37000, 'ACTIVE', 10000016, 50000094 ),
	( 10000235, 'Modern house for sale', '2017-02-28', 'SELL', 47550000, 'INACTIVE', 10000117, 50000040 ),
	( 10000236, 'Affordable studio for rent', '2018-08-15', 'RENT', 42000, 'ACTIVE', NULL, 50000171 ),
	( 10000237, 'Spacious property for sale', '2019-08-17', 'SELL', 25200000, 'INACTIVE', NULL, 50000072 ),
	( 10000238, 'Spacious property for sale', '2021-11-11', 'SELL', 27260000, 'INACTIVE', 10000150, 50000088 ),
	( 10000239, 'Spacious property for sale', '2021-11-28', 'SELL', 45920000, 'INACTIVE', 10000073, 50000174 ),
	( 10000240, 'Cozy apartment for rent', '2020-02-29', 'RENT', 62000, 'INACTIVE', 10000011, 50000060 ),
	( 10000241, 'Luxury villa for rent', '2019-09-08', 'RENT', 88000, 'ACTIVE', 10000113, 50000009 ),
	( 10000242, 'Cozy apartment for rent', '2020-06-21', 'RENT', 35000, 'ACTIVE', 10000083, 50000101 ),
	( 10000243, 'Affordable studio for rent', '2023-02-28', 'RENT', 66000, 'ACTIVE', NULL, 50000070 ),
	( 10000244, 'Spacious property for rent', '2017-08-10', 'RENT', 30000, 'ACTIVE', 10000102, 50000132 ),
	( 10000245, 'Modern house for rent', '2020-08-01', 'RENT', 24000, 'ACTIVE', NULL, 50000124 ),
	( 10000246, 'Spacious property for rent', '2019-06-14', 'RENT', 72000, 'INACTIVE', 10000106, 50000102 ),
	( 10000247, 'Cozy apartment for rent', '2017-03-02', 'RENT', 69000, 'INACTIVE', 10000103, 50000178 ),
	( 10000248, 'Spacious property for rent', '2022-10-07', 'RENT', 46000, 'ACTIVE', NULL, 50000064 ),
	( 10000249, 'Cozy apartment for sale', '2020-03-01', 'SELL', 46330000, 'INACTIVE', NULL, 50000124 ),
	( 10000250, 'Modern house for rent', '2018-05-14', 'RENT', 35000, 'INACTIVE', 10000138, 50000166 ),
	( 10000251, 'Spacious property for rent', '2018-04-16', 'RENT', 75000, 'ACTIVE', 10000016, 50000062 ),
	( 10000252, 'Spacious property for rent', '2019-06-05', 'RENT', 32000, 'ACTIVE', 10000083, 50000103 ),
	( 10000253, 'Spacious property for rent', '2021-05-12', 'RENT', 93000, 'INACTIVE', 10000073, 50000048 ),
	( 10000254, 'Affordable studio for rent', '2018-05-25', 'RENT', 13000, 'INACTIVE', 10000113, 50000125 ),
	( 10000255, 'Modern house for sale', '2018-11-14', 'SELL', 49600000, 'INACTIVE', NULL, 50000166 ),
	( 10000256, 'Affordable studio for rent', '2016-11-15', 'RENT', 57000, 'ACTIVE', 10000102, 50000057 ),
	( 10000257, 'Luxury villa for sale', '2022-08-08', 'SELL', 45900000, 'INACTIVE', 10000106, 50000133 ),
	( 10000258, 'Luxury villa for rent', '2019-04-16', 'RENT', 83000, 'ACTIVE', 10000016, 50000003 ),
	( 10000259, 'Cozy apartment for rent', '2023-02-28', 'RENT', 30000, 'ACTIVE', 10000136, 50000110 ),
	( 10000260, 'Modern house for sale', '2018-03-02', 'SELL', 29260000, 'ACTIVE', 10000026, 50000178 ),
	( 10000261, 'Affordable studio for rent', '2023-03-24', 'RENT', 20000, 'ACTIVE', 10000077, 50000081 ),
	( 10000262, 'Luxury villa for sale', '2022-12-29', 'SELL', 10910000, 'INACTIVE', 10000008, 50000001 ),
	( 10000263, 'Spacious property for sale', '2019-12-09', 'SELL', 23280000, 'INACTIVE', 10000026, 50000014 ),
	( 10000264, 'Cozy apartment for rent', '2020-04-02', 'RENT', 94000, 'INACTIVE', 10000044, 50000084 ),
	( 10000265, 'Modern house for rent', '2018-06-25', 'RENT', 52000, 'ACTIVE', NULL, 50000189 ),
	( 10000266, 'Affordable studio for sale', '2020-08-13', 'SELL', 28660000, 'ACTIVE', 10000078, 50000112 ),
	( 10000267, 'Luxury villa for rent', '2019-11-16', 'RENT', 84000, 'ACTIVE', 10000088, 50000003 ),
	( 10000268, 'Spacious property for sale', '2016-09-19', 'SELL', 31590000, 'INACTIVE', 10000113, 50000086 ),
	( 10000269, 'Cozy apartment for sale', '2019-09-25', 'SELL', 16530000, 'INACTIVE', NULL, 50000194 ),
	( 10000270, 'Cozy apartment for sale', '2022-03-22', 'SELL', 36370000, 'INACTIVE', 10000011, 50000116 ),
	( 10000271, 'Cozy apartment for sale', '2018-02-08', 'SELL', 37750000, 'ACTIVE', 10000077, 50000172 ),
	( 10000272, 'Luxury villa for sale', '2017-09-02', 'SELL', 14770000, 'INACTIVE', 10000135, 50000178 ),
	( 10000273, 'Luxury villa for sale', '2017-09-21', 'SELL', 36700000, 'ACTIVE', 10000056, 50000051 ),
	( 10000274, 'Affordable studio for sale', '2021-10-18', 'SELL', 1800000, 'INACTIVE', 10000120, 50000151 ),
	( 10000275, 'Modern house for sale', '2022-01-03', 'SELL', 4390000, 'INACTIVE', NULL, 50000030 ),
	( 10000276, 'Affordable studio for rent', '2017-09-30', 'RENT', 89000, 'INACTIVE', 10000026, 50000114 ),
	( 10000277, 'Spacious property for rent', '2021-03-01', 'RENT', 16000, 'ACTIVE', 10000150, 50000129 ),
	( 10000278, 'Affordable studio for sale', '2021-06-01', 'SELL', 30770000, 'ACTIVE', NULL, 50000134 ),
	( 10000279, 'Affordable studio for sale', '2021-11-21', 'SELL', 7480000, 'ACTIVE', 10000110, 50000175 ),
	( 10000280, 'Affordable studio for sale', '2022-02-17', 'SELL', 18060000, 'ACTIVE', 10000003, 50000082 );



INSERT INTO TRANSACTION (TID, AMOUNT, MODE, TRANSACTION_DATE, TYPE, AGENT_ID, BUYER_ID, TOKEN_ID, SELLER_ID) VALUES
    (600001, 39870000, 'BANK_TRANSFER', '2016-02-22', 'FULL', 10000128, 10000039, 10000003, 10000107),
    (600002, 4032000, 'BANK_TRANSFER', '2019-08-05', 'ADVANCE', 10000016, 10000041, 10000007, 10000101),
    (600003, 40400000, 'ONLINE', '2018-02-19', 'FULL', 10000120, 10000105, 10000009, 10000037),
    (600004, 1206000, 'ONLINE', '2016-06-17', 'ADVANCE', 10000088, 10000141, 10000010, 10000012),
    (600005, 80000, 'CARD', '2018-05-04', 'FULL', 10000077, 10000024, 10000013, 10000080),
    (600006, 17776000, 'BANK_TRANSFER', '2017-10-09', 'ADVANCE', 10000016, 10000137, 10000015, 10000095),
    (600007, 13636000, 'ONLINE', '2022-06-16', 'ADVANCE', 10000120, 10000065, 10000016, 10000104),
    (600008, 84000, 'ONLINE', '2018-05-10', 'FULL', 10000120, 10000137, 10000019, 10000029),
    (600009, 58800, 'CARD', '2019-02-22', 'ADVANCE', 10000106, 10000093, 10000020, 10000143),
    (600010, 88000, 'CARD', '2021-06-20', 'FULL', 10000077, 10000147, 10000022, 10000101),
    (600011, 30289000, 'ONLINE', '2022-01-18', 'ADVANCE', 10000003, 10000036, 10000023, 10000067),
    (600012, 79000, 'ONLINE', '2022-06-01', 'FULL', 10000073, 10000031, 10000024, 10000075),
    (600013, 48000, 'CARD', '2022-02-26', 'FULL', 10000077, 10000028, 10000031, 10000001),
    (600014, 57400, 'BANK_TRANSFER', '2017-02-20', 'ADVANCE', 10000150, 10000143, 10000035, 10000139),
    (600015, 1590000, 'BANK_TRANSFER', '2022-12-08', 'FULL', 10000106, 10000079, 10000036, 10000080),
    (600016, 44000, 'BANK_TRANSFER', '2020-01-16', 'FULL', 10000026, 10000131, 10000039, 10000107),
    (600017, 8944000, 'CARD', '2017-04-03', 'ADVANCE', 10000150, 10000084, 10000041, 10000022),
    (600018, 10850000, 'BANK_TRANSFER', '2019-10-04', 'FULL', 10000016, 10000050, 10000042, 10000134),
    (600019, 35288000, 'BANK_TRANSFER', '2022-01-24', 'ADVANCE', 10000061, 10000119, 10000043, 10000040),
    (600020, 64800, 'BANK_TRANSFER', '2021-06-04', 'ADVANCE', 10000056, 10000089, 10000047, 10000066),
    (600021, 1620000, 'BANK_TRANSFER', '2018-08-05', 'FULL', 10000138, 10000141, 10000048, 10000097),
    (600022, 56000, 'ONLINE', '2018-03-25', 'FULL', 10000061, 10000089, 10000051, 10000037),
    (600023, 48000, 'BANK_TRANSFER', '2018-12-03', 'FULL', 10000044, 10000023, 10000052, 10000142),
    (600024, 11310000, 'BANK_TRANSFER', '2017-01-06', 'ADVANCE', 10000044, 10000127, 10000053, 10000041),
    (600025, 36000, 'CARD', '2019-12-30', 'FULL', 10000049, 10000047, 10000056, 10000052),
    (600026, 18850000, 'BANK_TRANSFER', '2017-07-10', 'FULL', 10000113, 10000140, 10000059, 10000041),
    (600027, 31896000, 'CARD', '2016-11-01', 'ADVANCE', 10000138, 10000143, 10000061, 10000107),
    (600028, 21000, 'CARD', '2017-01-26', 'FULL', 10000113, 10000098, 10000062, 10000124),
    (600029, 56000, 'BANK_TRANSFER', '2018-11-26', 'ADVANCE', 10000049, 10000020, 10000066, 10000080),
    (600030, 39900, 'CARD', '2016-08-21', 'ADVANCE', 10000011, 10000005, 10000067, 10000021),
    (600031, 22640000, 'ONLINE', '2021-09-10', 'ADVANCE', 10000102, 10000017, 10000068, 10000029),
    (600032, 22862000, 'CARD', '2019-06-04', 'ADVANCE', 10000110, 10000075, 10000069, 10000107),
    (600033, 81000, 'CARD', '2022-02-04', 'FULL', 10000120, 10000031, 10000070, 10000066),
    (600034, 9470000, 'BANK_TRANSFER', '2017-02-01', 'FULL', 10000003, 10000060, 10000071, 10000143),
    (600035, 29970000, 'ONLINE', '2020-08-08', 'FULL', 10000102, 10000064, 10000074, 10000032),
    (600036, 21640000, 'CARD', '2018-10-11', 'FULL', 10000110, 10000124, 10000077, 10000143),
    (600037, 21600000, 'CARD', '2019-11-08', 'ADVANCE', 10000049, 10000022, 10000078, 10000076),
    (600038, 89000, 'CARD', '2019-09-12', 'FULL', 10000078, 10000149, 10000079, 10000100),
    (600039, 28200, 'BANK_TRANSFER', '2017-12-14', 'ADVANCE', 10000078, 10000076, 10000080, 10000048),
    (600040, 44000, 'ONLINE', '2020-08-03', 'FULL', 10000110, 10000071, 10000081, 10000107),
    (600041, 17019000, 'BANK_TRANSFER', '2018-02-04', 'ADVANCE', 10000011, 10000081, 10000082, 10000047),
    (600042, 42000, 'ONLINE', '2021-05-18', 'FULL', 10000026, 10000018, 10000085, 10000033),
    (600043, 13000, 'ONLINE', '2018-10-23', 'FULL', 10000078, 10000050, 10000089, 10000047),
    (600044, 18600, 'BANK_TRANSFER', '2016-09-14', 'ADVANCE', 10000008, 10000084, 10000092, 10000054),
    (600045, 29876000, 'BANK_TRANSFER', '2016-03-21', 'ADVANCE', 10000078, 10000043, 10000095, 10000007),
    (600046, 48000, 'CARD', '2019-02-18', 'FULL', 10000128, 10000076, 10000096, 10000147),
    (600047, 69000, 'ONLINE', '2016-11-22', 'FULL', 10000078, 10000072, 10000097, 10000001),
    (600048, 21456000, 'CARD', '2017-07-17', 'ADVANCE', 10000083, 10000019, 10000098, 10000134),
    (600049, 10800, 'ONLINE', '2016-05-22', 'ADVANCE', 10000016, 10000079, 10000101, 10000057),
    (600050, 82000, 'CARD', '2017-09-13', 'FULL', 10000009, 10000048, 10000103, 10000139),
    (600051, 28000, 'CARD', '2020-09-04', 'ADVANCE', 10000049, 10000091, 10000104, 10000043),
    (600052, 33600, 'CARD', '2020-06-02', 'ADVANCE', 10000102, 10000109, 10000105, 10000076),
    (600053, 2772000, 'BANK_TRANSFER', '2021-12-01', 'ADVANCE', 10000011, 10000046, 10000107, 10000099),
    (600054, 53200, 'ONLINE', '2018-07-17', 'ADVANCE', 10000003, 10000046, 10000113, 10000118),
    (600055, 2870000, 'BANK_TRANSFER', '2017-02-13', 'FULL', 10000078, 10000100, 10000114, 10000105),
    (600056, 27426000, 'BANK_TRANSFER', '2019-03-23', 'ADVANCE', 10000103, 10000133, 10000118, 10000041),
    (600057, 97000, 'BANK_TRANSFER', '2019-04-16', 'FULL', 10000003, 10000058, 10000120, 10000114),
    (600058, 28130000, 'BANK_TRANSFER', '2021-10-19', 'FULL', 10000106, 10000087, 10000121, 10000095),
    (600059, 43310000, 'ONLINE', '2020-04-07', 'FULL', 10000078, 10000059, 10000122, 10000025),
    (600060, 2870000, 'ONLINE', '2017-10-01', 'FULL', 10000044, 10000071, 10000123, 10000105),
    (600061, 37000, 'ONLINE', '2018-12-20', 'FULL', 10000061, 10000059, 10000129, 10000123),
    (600062, 58800, 'CARD', '2020-07-05', 'ADVANCE', 10000008, 10000020, 10000132, 10000064),
    (600063, 10062000, 'CARD', '2017-12-03', 'ADVANCE', 10000106, 10000001, 10000133, 10000022),
    (600064, 21162000, 'ONLINE', '2018-07-04', 'ADVANCE', 10000016, 10000124, 10000134, 10000143),
    (600065, 42450000, 'CARD', '2019-05-03', 'FULL', 10000150, 10000042, 10000139, 10000066),
    (600066, 45290000, 'ONLINE', '2018-11-10', 'FULL', 10000113, 10000076, 10000141, 10000047),
    (600067, 26072000, 'BANK_TRANSFER', '2020-09-08', 'ADVANCE', 10000102, 10000031, 10000142, 10000089),
    (600068, 28000, 'CARD', '2021-10-24', 'FULL', 10000129, 10000098, 10000144, 10000007),
    (600069, 66600, 'ONLINE', '2020-02-08', 'ADVANCE', 10000138, 10000080, 10000146, 10000131),
    (600070, 39180000, 'BANK_TRANSFER', '2019-10-28', 'FULL', 10000106, 10000145, 10000154, 10000041),
    (600071, 82800, 'BANK_TRANSFER', '2021-03-06', 'ADVANCE', 10000150, 10000126, 10000155, 10000038),
    (600072, 21720000, 'BANK_TRANSFER', '2016-11-12', 'FULL', 10000088, 10000025, 10000160, 10000143),
    (600073, 65000, 'CARD', '2018-02-24', 'FULL', 10000129, 10000115, 10000164, 10000024),
    (600074, 10850000, 'CARD', '2020-09-07', 'FULL', 10000077, 10000111, 10000170, 10000134),
    (600075, 17532000, 'BANK_TRANSFER', '2022-12-30', 'ADVANCE', 10000061, 10000053, 10000173, 10000104),
    (600076, 29100000, 'CARD', '2020-12-05', 'FULL', 10000011, 10000099, 10000175, 10000147),
    (600077, 43270000, 'CARD', '2022-07-29', 'FULL', 10000008, 10000148, 10000179, 10000067),
    (600078, 19800, 'ONLINE', '2019-01-09', 'ADVANCE', 10000003, 10000014, 10000181, 10000040),
    (600079, 45000, 'ONLINE', '2018-02-24', 'FULL', 10000078, 10000080, 10000183, 10000092),
    (600080, 46270000, 'CARD', '2020-09-15', 'FULL', 10000077, 10000017, 10000184, 10000058),
    (600081, 57000, 'CARD', '2016-10-01', 'FULL', 10000110, 10000108, 10000190, 10000089),
    (600082, 38268000, 'CARD', '2020-12-16', 'ADVANCE', 10000056, 10000098, 10000192, 10000037),
    (600083, 18725000, 'BANK_TRANSFER', '2022-06-17', 'ADVANCE', 10000120, 10000029, 10000194, 10000099),
    (600084, 57600, 'CARD', '2019-05-08', 'ADVANCE', 10000044, 10000075, 10000195, 10000019),
    (600085, 34200, 'ONLINE', '2020-01-14', 'ADVANCE', 10000150, 10000142, 10000199, 10000005),
    (600086, 76000, 'CARD', '2019-02-21', 'FULL', 10000120, 10000091, 10000200, 10000118),
    (600087, 3576000, 'ONLINE', '2017-08-04', 'ADVANCE', 10000102, 10000027, 10000205, 10000145),
    (600088, 43310000, 'CARD', '2020-10-15', 'FULL', 10000083, 10000118, 10000206, 10000025),
    (600089, 7854000, 'BANK_TRANSFER', '2018-02-07', 'ADVANCE', 10000044, 10000052, 10000208, 10000104),
    (600090, 33600, 'BANK_TRANSFER', '2022-10-01', 'ADVANCE', 10000128, 10000037, 10000210, 10000001),
    (600091, 13032000, 'CARD', '2017-07-20', 'ADVANCE', 10000138, 10000021, 10000211, 10000143),
    (600092, 11952000, 'BANK_TRANSFER', '2022-04-12', 'ADVANCE', 10000003, 10000022, 10000212, 10000024),
    (600093, 42000, 'BANK_TRANSFER', '2021-09-21', 'ADVANCE', 10000061, 10000014, 10000216, 10000032),
    (600094, 44000, 'CARD', '2022-07-11', 'FULL', 10000110, 10000105, 10000218, 10000130),
    (600095, 21972000, 'CARD', '2021-12-19', 'ADVANCE', 10000077, 10000065, 10000219, 10000040),
    (600096, 22000, 'CARD', '2019-06-26', 'FULL', 10000120, 10000084, 10000222, 10000040),
    (600097, 28800, 'CARD', '2018-04-19', 'ADVANCE', 10000078, 10000032, 10000228, 10000144),
    (600098, 18774000, 'ONLINE', '2018-01-19', 'ADVANCE', 10000049, 10000111, 10000231, 10000134),
    (600099, 55000, 'CARD', '2021-12-04', 'FULL', 10000150, 10000005, 10000238, 10000023),
    (600100, 26910000, 'ONLINE', '2021-12-11', 'FULL', 10000073, 10000068, 10000239, 10000005),
    (600101, 55800, 'BANK_TRANSFER', '2020-03-16', 'ADVANCE', 10000011, 10000041, 10000240, 10000065),
    (600102, 48000, 'ONLINE', '2019-08-13', 'ADVANCE', 10000106, 10000068, 10000246, 10000080),
    (600103, 69000, 'CARD', '2017-04-28', 'FULL', 10000103, 10000134, 10000247, 10000010),
    (600104, 22220000, 'ONLINE', '2018-07-12', 'FULL', 10000138, 10000013, 10000250, 10000095),
    (600105, 27390000, 'BANK_TRANSFER', '2021-06-03', 'FULL', 10000073, 10000093, 10000253, 10000141),
    (600106, 13000, 'CARD', '2018-06-14', 'FULL', 10000113, 10000114, 10000254, 10000145),
    (600107, 20840000, 'CARD', '2022-09-30', 'FULL', 10000106, 10000060, 10000257, 10000119),
    (600108, 13280000, 'CARD', '2023-02-03', 'FULL', 10000008, 10000122, 10000262, 10000024),
    (600109, 23280000, 'BANK_TRANSFER', '2019-12-29', 'FULL', 10000026, 10000092, 10000263, 10000079),
    (600110, 39180000, 'CARD', '2020-04-17', 'FULL', 10000044, 10000141, 10000264, 10000041),
    (600111, 28431000, 'ONLINE', '2016-10-12', 'ADVANCE', 10000113, 10000040, 10000268, 10000027),
    (600112, 36370000, 'ONLINE', '2022-04-27', 'FULL', 10000011, 10000127, 10000270, 10000006),
    (600113, 55200, 'CARD', '2017-10-25', 'ADVANCE', 10000135, 10000013, 10000272, 10000010),
    (600114, 1800000, 'BANK_TRANSFER', '2021-11-16', 'FULL', 10000120, 10000002, 10000274, 10000148),
    (600115, 35660000, 'ONLINE', '2017-10-30', 'FULL', 10000026, 10000022, 10000276, 10000028);



insert into notification ( nid, date, message, status, time, type, receiver_id, sender_id )
	values
	( 300001, '2016-05-12', 'Let''s schedule a meeting to discuss.', 'READ', '10:30', 'MEETING', 10000001, 10000003 ),
	( 300002, '2017-08-21', 'I have a question about the property.', 'UNREAD', '14:15', 'INQUIRY', 10000008, 10000002 ),
	( 300003, '2018-11-05', 'The transaction has been initiated.', 'READ', '9:45', 'TRANSACTION', 10000004, 10000009 ),
	( 300004, '2019-02-14', 'New property listing matching your criteria.', 'UNREAD', '11:20', 'PROPERTY', 10000011, 10000005 ),
	( 300005, '2020-07-30', 'Are you available for a meeting tomorrow?', 'READ', '16:00', 'MEETING', 10000006, 10000016 ),
	( 300006, '2021-09-18', 'Could you provide more details?', 'UNREAD', '13:10', 'INQUIRY', 10000026, 10000007 ),
	( 300007, '2022-04-25', 'Please review the transaction documents.', 'READ', '15:30', 'TRANSACTION', 10000010, 10000044 ),
	( 300008, '2023-12-01', 'The property price has been updated.', 'READ', '10:05', 'PROPERTY', 10000049, 10000012 ),
	( 300009, '2016-03-15', 'Meeting confirmed.', 'UNREAD', '8:50', 'MEETING', 10000013, 10000056 ),
	( 300010, '2017-06-22', 'Is the property still available?', 'READ', '12:40', 'INQUIRY', 10000061, 10000014 ),
	( 300011, '2018-01-10', 'Transaction successful.', 'READ', '14:55', 'TRANSACTION', 10000015, 10000069 ),
	( 300012, '2019-10-08', 'Property inspection is scheduled.', 'UNREAD', '9:30', 'PROPERTY', 10000073, 10000017 ),
	( 300013, '2020-05-19', 'Please confirm the meeting time.', 'READ', '11:05', 'MEETING', 10000018, 10000077 ),
	( 300014, '2021-11-27', 'What are the terms of the lease?', 'UNREAD', '15:20', 'INQUIRY', 10000078, 10000019 ),
	( 300015, '2022-08-04', 'Waiting for your approval on the transaction.', 'READ', '10:45', 'TRANSACTION', 10000020, 10000083 ),
	( 300016, '2023-02-16', 'The property is now under contract.', 'READ', '13:10', 'PROPERTY', 10000086, 10000021 ),
	( 300017, '2024-07-09', 'Can we reschedule our meeting?', 'UNREAD', '16:35', 'MEETING', 10000022, 10000088 ),
	( 300018, '2016-09-11', 'I would like to know more about the neighborhood.', 'READ', '9:50', 'INQUIRY', 10000102, 10000023 ),
	( 300019, '2017-12-30', 'The payment has been received.', 'UNREAD', '12:15', 'TRANSACTION', 10000024, 10000103 ),
	( 300020, '2018-04-05', 'Please review the new property photos.', 'READ', '14:40', 'PROPERTY', 10000106, 10000025 ),
	( 300021, '2019-08-14', 'Let''s schedule a meeting to discuss.', 'READ', '10:25', 'MEETING', 10000027, 10000110 ),
	( 300022, '2020-01-23', 'I have a question about the property.', 'UNREAD', '15:50', 'INQUIRY', 10000113, 10000028 ),
	( 300023, '2021-06-02', 'The transaction has been initiated.', 'READ', '9:15', 'TRANSACTION', 10000029, 10000117 ),
	( 300024, '2022-10-11', 'New property listing matching your criteria.', 'READ', '11:40', 'PROPERTY', 10000120, 10000030 ),
	( 300025, '2023-03-20', 'Are you available for a meeting tomorrow?', 'UNREAD', '14:05', 'MEETING', 10000031, 10000128 ),
	( 300026, '2024-05-29', 'Could you provide more details?', 'READ', '16:30', 'INQUIRY', 10000129, 10000032 ),
	( 300027, '2016-11-07', 'Please review the transaction documents.', 'READ', '10:55', 'TRANSACTION', 10000033, 10000135 ),
	( 300028, '2017-02-16', 'The property price has been updated.', 'UNREAD', '13:20', 'PROPERTY', 10000136, 10000034 ),
	( 300029, '2018-07-25', 'Meeting confirmed.', 'READ', '9:45', 'MEETING', 10000035, 10000138 ),
	( 300030, '2019-12-04', 'Is the property still available?', 'READ', '12:10', 'INQUIRY', 10000150, 10000036 ),
	( 300031, '2020-04-13', 'Transaction successful.', 'UNREAD', '15:35', 'TRANSACTION', 10000037, 10000003 ),
	( 300032, '2021-09-22', 'Property inspection is scheduled.', 'READ', '10:00', 'PROPERTY', 10000008, 10000038 ),
	( 300033, '2022-01-31', 'Please confirm the meeting time.', 'READ', '14:25', 'MEETING', 10000039, 10000009 ),
	( 300034, '2023-06-10', 'What are the terms of the lease?', 'UNREAD', '16:50', 'INQUIRY', 10000011, 10000040 ),
	( 300035, '2024-10-19', 'Waiting for your approval on the transaction.', 'READ', '11:15', 'TRANSACTION', 10000041, 10000016 ),
	( 300036, '2016-02-28', 'The property is now under contract.', 'READ', '9:40', 'PROPERTY', 10000026, 10000042 ),
	( 300037, '2017-05-08', 'Can we reschedule our meeting?', 'UNREAD', '13:05', 'MEETING', 10000043, 10000044 ),
	( 300038, '2018-08-17', 'I would like to know more about the neighborhood.', 'READ', '15:30', 'INQUIRY', 10000049, 10000045 ),
	( 300039, '2019-11-26', 'The payment has been received.', 'READ', '10:55', 'TRANSACTION', 10000046, 10000056 ),
	( 300040, '2020-03-05', 'Please review the new property photos.', 'UNREAD', '12:20', 'PROPERTY', 10000061, 10000047 ),
	( 300041, '2021-07-14', 'Let''s schedule a meeting to discuss.', 'READ', '16:45', 'MEETING', 10000048, 10000069 ),
	( 300042, '2022-12-23', 'I have a question about the property.', 'READ', '9:10', 'INQUIRY', 10000073, 10000050 ),
	( 300043, '2023-04-02', 'The transaction has been initiated.', 'UNREAD', '11:35', 'TRANSACTION', 10000051, 10000077 ),
	( 300044, '2024-09-11', 'New property listing matching your criteria.', 'READ', '14:00', 'PROPERTY', 10000078, 10000052 ),
	( 300045, '2016-01-20', 'Are you available for a meeting tomorrow?', 'READ', '16:25', 'MEETING', 10000053, 10000083 ),
	( 300046, '2017-10-29', 'Could you provide more details?', 'UNREAD', '10:50:00', 'INQUIRY', 10000086, 10000054 ),
	( 300047, '2018-03-09', 'Please review the transaction documents.', 'READ', '13:15:00', 'TRANSACTION', 10000055, 10000088 ),
	( 300048, '2019-06-18', 'The property price has been updated.', 'READ', '15:40:00', 'PROPERTY', 10000102, 10000057 ),
	( 300049, '2020-11-27', 'Meeting confirmed.', 'UNREAD', '9:05:00', 'MEETING', 10000058, 10000103 ),
	( 300050, '2021-02-05', 'Is the property still available?', 'READ', '11:30:00', 'INQUIRY', 10000106, 10000059 );



insert into images ( image_id, date, url, pid )
	values
	( 10001, '2017-09-26', 'https://loremflickr.com/800/600/house?lock=767', 50000093 ),
	( 10002, '2023-06-10', 'https://loremflickr.com/800/600/house?lock=57', 50000188 ),
	( 10003, '2018-10-22', 'https://loremflickr.com/800/600/house?lock=95', 50000082 ),
	( 10004, '2025-01-02', 'https://loremflickr.com/800/600/house?lock=484', 50000061 ),
	( 10005, '2025-11-23', 'https://loremflickr.com/800/600/house?lock=51', 50000166 ),
	( 10006, '2024-11-25', 'https://loremflickr.com/800/600/house?lock=281', 50000114 ),
	( 10007, '2022-10-05', 'https://loremflickr.com/800/600/house?lock=771', 50000078 ),
	( 10008, '2021-10-08', 'https://loremflickr.com/800/600/house?lock=21', 50000120 ),
	( 10009, '2017-01-27', 'https://loremflickr.com/800/600/house?lock=534', 50000044 ),
	( 10010, '2017-10-04', 'https://loremflickr.com/800/600/house?lock=644', 50000086 ),
	( 10011, '2023-09-25', 'https://loremflickr.com/800/600/house?lock=396', 50000181 ),
	( 10012, '2023-06-07', 'https://loremflickr.com/800/600/house?lock=574', 50000083 ),
	( 10013, '2023-07-27', 'https://loremflickr.com/800/600/house?lock=764', 50000100 ),
	( 10014, '2017-09-28', 'https://loremflickr.com/800/600/house?lock=200', 50000018 ),
	( 10015, '2025-11-07', 'https://loremflickr.com/800/600/house?lock=559', 50000075 ),
	( 10016, '2025-07-12', 'https://loremflickr.com/800/600/house?lock=333', 50000094 ),
	( 10017, '2018-01-16', 'https://loremflickr.com/800/600/house?lock=41', 50000006 ),
	( 10018, '2014-04-01', 'https://loremflickr.com/800/600/house?lock=533', 50000053 ),
	( 10019, '2017-03-25', 'https://loremflickr.com/800/600/house?lock=515', 50000109 ),
	( 10020, '2014-12-22', 'https://loremflickr.com/800/600/house?lock=180', 50000146 ),
	( 10021, '2014-04-10', 'https://loremflickr.com/800/600/house?lock=783', 50000008 ),
	( 10022, '2015-01-11', 'https://loremflickr.com/800/600/house?lock=496', 50000200 ),
	( 10023, '2024-10-30', 'https://loremflickr.com/800/600/house?lock=139', 50000010 ),
	( 10024, '2017-01-26', 'https://loremflickr.com/800/600/house?lock=547', 50000135 ),
	( 10025, '2022-11-06', 'https://loremflickr.com/800/600/house?lock=367', 50000055 ),
	( 10026, '2016-04-05', 'https://loremflickr.com/800/600/house?lock=98', 50000033 ),
	( 10027, '2017-08-24', 'https://loremflickr.com/800/600/house?lock=272', 50000118 ),
	( 10028, '2014-09-12', 'https://loremflickr.com/800/600/house?lock=367', 50000139 ),
	( 10029, '2015-01-02', 'https://loremflickr.com/800/600/house?lock=858', 50000119 ),
	( 10030, '2016-05-18', 'https://loremflickr.com/800/600/house?lock=619', 50000177 ),
	( 10031, '2018-01-13', 'https://loremflickr.com/800/600/house?lock=988', 50000036 ),
	( 10032, '2015-03-17', 'https://loremflickr.com/800/600/house?lock=722', 50000031 ),
	( 10033, '2023-05-06', 'https://loremflickr.com/800/600/house?lock=820', 50000103 ),
	( 10034, '2018-02-27', 'https://loremflickr.com/800/600/house?lock=410', 50000028 ),
	( 10035, '2014-05-28', 'https://loremflickr.com/800/600/house?lock=336', 50000096 ),
	( 10036, '2015-10-01', 'https://loremflickr.com/800/600/house?lock=942', 50000070 ),
	( 10037, '2022-01-07', 'https://loremflickr.com/800/600/house?lock=817', 50000105 ),
	( 10038, '2014-11-09', 'https://loremflickr.com/800/600/house?lock=8', 50000112 ),
	( 10039, '2025-12-07', 'https://loremflickr.com/800/600/house?lock=60', 50000043 ),
	( 10040, '2020-04-15', 'https://loremflickr.com/800/600/house?lock=339', 50000100 ),
	( 10041, '2021-05-07', 'https://loremflickr.com/800/600/house?lock=96', 50000066 ),
	( 10042, '2016-12-30', 'https://loremflickr.com/800/600/house?lock=104', 50000088 ),
	( 10043, '2024-01-29', 'https://loremflickr.com/800/600/house?lock=906', 50000100 ),
	( 10044, '2019-08-01', 'https://loremflickr.com/800/600/house?lock=442', 50000192 ),
	( 10045, '2014-06-25', 'https://loremflickr.com/800/600/house?lock=358', 50000187 ),
	( 10046, '2018-07-26', 'https://loremflickr.com/800/600/house?lock=655', 50000021 ),
	( 10047, '2017-11-30', 'https://loremflickr.com/800/600/house?lock=145', 50000079 ),
	( 10048, '2014-09-03', 'https://loremflickr.com/800/600/house?lock=618', 50000066 ),
	( 10049, '2014-09-12', 'https://loremflickr.com/800/600/house?lock=517', 50000020 ),
	( 10050, '2024-10-22', 'https://loremflickr.com/800/600/house?lock=910', 50000163 ),
	( 10051, '2025-02-26', 'https://loremflickr.com/800/600/house?lock=68', 50000120 ),
	( 10052, '2025-02-24', 'https://loremflickr.com/800/600/house?lock=193', 50000136 ),
	( 10053, '2021-06-08', 'https://loremflickr.com/800/600/house?lock=810', 50000059 ),
	( 10054, '2016-10-18', 'https://loremflickr.com/800/600/house?lock=410', 50000076 ),
	( 10055, '2025-09-10', 'https://loremflickr.com/800/600/house?lock=340', 50000198 ),
	( 10056, '2019-07-12', 'https://loremflickr.com/800/600/house?lock=771', 50000176 ),
	( 10057, '2018-12-02', 'https://loremflickr.com/800/600/house?lock=666', 50000172 ),
	( 10058, '2018-02-24', 'https://loremflickr.com/800/600/house?lock=81', 50000042 ),
	( 10059, '2022-02-08', 'https://loremflickr.com/800/600/house?lock=250', 50000030 ),
	( 10060, '2016-07-10', 'https://loremflickr.com/800/600/house?lock=237', 50000141 ),
	( 10061, '2023-05-09', 'https://loremflickr.com/800/600/house?lock=285', 50000016 ),
	( 10062, '2020-11-24', 'https://loremflickr.com/800/600/house?lock=392', 50000102 ),
	( 10063, '2023-05-12', 'https://loremflickr.com/800/600/house?lock=126', 50000090 ),
	( 10064, '2020-11-05', 'https://loremflickr.com/800/600/house?lock=99', 50000041 ),
	( 10065, '2017-04-12', 'https://loremflickr.com/800/600/house?lock=978', 50000031 ),
	( 10066, '2016-08-06', 'https://loremflickr.com/800/600/house?lock=175', 50000168 ),
	( 10067, '2024-03-06', 'https://loremflickr.com/800/600/house?lock=360', 50000171 ),
	( 10068, '2015-04-24', 'https://loremflickr.com/800/600/house?lock=140', 50000093 ),
	( 10069, '2014-08-10', 'https://loremflickr.com/800/600/house?lock=916', 50000063 ),
	( 10070, '2025-01-19', 'https://loremflickr.com/800/600/house?lock=86', 50000197 ),
	( 10071, '2021-02-21', 'https://loremflickr.com/800/600/house?lock=803', 50000046 ),
	( 10072, '2024-08-25', 'https://loremflickr.com/800/600/house?lock=99', 50000048 ),
	( 10073, '2022-12-31', 'https://loremflickr.com/800/600/house?lock=114', 50000025 ),
	( 10074, '2016-11-11', 'https://loremflickr.com/800/600/house?lock=930', 50000093 ),
	( 10075, '2015-08-12', 'https://loremflickr.com/800/600/house?lock=524', 50000084 ),
	( 10076, '2015-05-13', 'https://loremflickr.com/800/600/house?lock=995', 50000043 ),
	( 10077, '2016-02-29', 'https://loremflickr.com/800/600/house?lock=130', 50000014 ),
	( 10078, '2023-02-21', 'https://loremflickr.com/800/600/house?lock=976', 50000130 ),
	( 10079, '2018-11-19', 'https://loremflickr.com/800/600/house?lock=301', 50000123 ),
	( 10080, '2024-04-10', 'https://loremflickr.com/800/600/house?lock=983', 50000149 ),
	( 10081, '2020-06-13', 'https://loremflickr.com/800/600/house?lock=182', 50000128 ),
	( 10082, '2016-03-06', 'https://loremflickr.com/800/600/house?lock=190', 50000162 ),
	( 10083, '2020-09-09', 'https://loremflickr.com/800/600/house?lock=527', 50000114 ),
	( 10084, '2016-02-14', 'https://loremflickr.com/800/600/house?lock=126', 50000196 ),
	( 10085, '2022-09-21', 'https://loremflickr.com/800/600/house?lock=142', 50000105 ),
	( 10086, '2016-11-03', 'https://loremflickr.com/800/600/house?lock=826', 50000126 ),
	( 10087, '2020-05-08', 'https://loremflickr.com/800/600/house?lock=606', 50000045 ),
	( 10088, '2025-08-26', 'https://loremflickr.com/800/600/house?lock=273', 50000055 ),
	( 10089, '2023-02-17', 'https://loremflickr.com/800/600/house?lock=108', 50000144 ),
	( 10090, '2025-08-25', 'https://loremflickr.com/800/600/house?lock=117', 50000191 ),
	( 10091, '2022-04-06', 'https://loremflickr.com/800/600/house?lock=351', 50000085 ),
	( 10092, '2014-01-26', 'https://loremflickr.com/800/600/house?lock=305', 50000040 ),
	( 10093, '2015-09-18', 'https://loremflickr.com/800/600/house?lock=104', 50000060 ),
	( 10094, '2025-02-22', 'https://loremflickr.com/800/600/house?lock=939', 50000098 ),
	( 10095, '2024-05-06', 'https://loremflickr.com/800/600/house?lock=307', 50000023 ),
	( 10096, '2015-07-20', 'https://loremflickr.com/800/600/house?lock=389', 50000148 ),
	( 10097, '2021-03-13', 'https://loremflickr.com/800/600/house?lock=744', 50000016 ),
	( 10098, '2025-03-28', 'https://loremflickr.com/800/600/house?lock=150', 50000070 ),
	( 10099, '2023-03-31', 'https://loremflickr.com/800/600/house?lock=429', 50000053 ),
	( 10100, '2018-09-20', 'https://loremflickr.com/800/600/house?lock=493', 50000156 ),
	( 10101, '2020-05-01', 'https://loremflickr.com/800/600/house?lock=619', 50000037 ),
	( 10102, '2024-06-20', 'https://loremflickr.com/800/600/house?lock=2', 50000121 ),
	( 10103, '2019-09-21', 'https://loremflickr.com/800/600/house?lock=32', 50000158 ),
	( 10104, '2024-08-14', 'https://loremflickr.com/800/600/house?lock=373', 50000005 ),
	( 10105, '2014-05-18', 'https://loremflickr.com/800/600/house?lock=517', 50000181 ),
	( 10106, '2019-01-19', 'https://loremflickr.com/800/600/house?lock=445', 50000154 ),
	( 10107, '2015-08-26', 'https://loremflickr.com/800/600/house?lock=499', 50000138 ),
	( 10108, '2018-07-03', 'https://loremflickr.com/800/600/house?lock=407', 50000154 ),
	( 10109, '2020-01-05', 'https://loremflickr.com/800/600/house?lock=545', 50000189 ),
	( 10110, '2015-07-14', 'https://loremflickr.com/800/600/house?lock=358', 50000044 ),
	( 10111, '2014-05-02', 'https://loremflickr.com/800/600/house?lock=758', 50000001 ),
	( 10112, '2020-04-11', 'https://loremflickr.com/800/600/house?lock=180', 50000193 ),
	( 10113, '2017-01-11', 'https://loremflickr.com/800/600/house?lock=684', 50000181 ),
	( 10114, '2016-08-02', 'https://loremflickr.com/800/600/house?lock=760', 50000053 ),
	( 10115, '2020-09-16', 'https://loremflickr.com/800/600/house?lock=193', 50000113 ),
	( 10116, '2017-01-16', 'https://loremflickr.com/800/600/house?lock=444', 50000099 ),
	( 10117, '2024-07-14', 'https://loremflickr.com/800/600/house?lock=281', 50000185 ),
	( 10118, '2020-02-28', 'https://loremflickr.com/800/600/house?lock=812', 50000149 ),
	( 10119, '2022-12-15', 'https://loremflickr.com/800/600/house?lock=256', 50000163 ),
	( 10120, '2015-03-20', 'https://loremflickr.com/800/600/house?lock=178', 50000188 ),
	( 10121, '2021-03-06', 'https://loremflickr.com/800/600/house?lock=521', 50000081 ),
	( 10122, '2020-08-22', 'https://loremflickr.com/800/600/house?lock=12', 50000172 ),
	( 10123, '2018-08-15', 'https://loremflickr.com/800/600/house?lock=717', 50000135 ),
	( 10124, '2023-03-21', 'https://loremflickr.com/800/600/house?lock=741', 50000120 ),
	( 10125, '2015-03-05', 'https://loremflickr.com/800/600/house?lock=992', 50000167 ),
	( 10126, '2018-03-12', 'https://loremflickr.com/800/600/house?lock=308', 50000114 ),
	( 10127, '2014-03-24', 'https://loremflickr.com/800/600/house?lock=187', 50000045 ),
	( 10128, '2024-08-02', 'https://loremflickr.com/800/600/house?lock=781', 50000026 ),
	( 10129, '2014-04-17', 'https://loremflickr.com/800/600/house?lock=997', 50000197 ),
	( 10130, '2021-07-11', 'https://loremflickr.com/800/600/house?lock=982', 50000187 ),
	( 10131, '2021-06-12', 'https://loremflickr.com/800/600/house?lock=287', 50000101 ),
	( 10132, '2025-05-27', 'https://loremflickr.com/800/600/house?lock=413', 50000058 ),
	( 10133, '2021-01-26', 'https://loremflickr.com/800/600/house?lock=446', 50000129 ),
	( 10134, '2017-09-09', 'https://loremflickr.com/800/600/house?lock=86', 50000023 ),
	( 10135, '2023-09-07', 'https://loremflickr.com/800/600/house?lock=577', 50000155 ),
	( 10136, '2023-09-14', 'https://loremflickr.com/800/600/house?lock=365', 50000159 ),
	( 10137, '2019-08-16', 'https://loremflickr.com/800/600/house?lock=758', 50000107 ),
	( 10138, '2024-04-12', 'https://loremflickr.com/800/600/house?lock=874', 50000191 ),
	( 10139, '2017-10-09', 'https://loremflickr.com/800/600/house?lock=163', 50000089 ),
	( 10140, '2019-05-08', 'https://loremflickr.com/800/600/house?lock=255', 50000153 ),
	( 10141, '2020-03-26', 'https://loremflickr.com/800/600/house?lock=413', 50000029 ),
	( 10142, '2022-07-25', 'https://loremflickr.com/800/600/house?lock=152', 50000040 ),
	( 10143, '2018-11-26', 'https://loremflickr.com/800/600/house?lock=706', 50000164 ),
	( 10144, '2025-03-12', 'https://loremflickr.com/800/600/house?lock=882', 50000179 ),
	( 10145, '2021-11-22', 'https://loremflickr.com/800/600/house?lock=496', 50000141 ),
	( 10146, '2018-07-15', 'https://loremflickr.com/800/600/house?lock=728', 50000063 ),
	( 10147, '2024-08-11', 'https://loremflickr.com/800/600/house?lock=437', 50000174 ),
	( 10148, '2018-02-14', 'https://loremflickr.com/800/600/house?lock=435', 50000043 ),
	( 10149, '2021-05-12', 'https://loremflickr.com/800/600/house?lock=821', 50000032 ),
	( 10150, '2024-11-03', 'https://loremflickr.com/800/600/house?lock=170', 50000029 ),
	( 10151, '2017-10-18', 'https://loremflickr.com/800/600/house?lock=633', 50000063 ),
	( 10152, '2025-07-22', 'https://loremflickr.com/800/600/house?lock=834', 50000002 ),
	( 10153, '2016-02-18', 'https://loremflickr.com/800/600/house?lock=996', 50000180 ),
	( 10154, '2019-09-17', 'https://loremflickr.com/800/600/house?lock=883', 50000050 ),
	( 10155, '2017-02-13', 'https://loremflickr.com/800/600/house?lock=940', 50000036 ),
	( 10156, '2023-06-30', 'https://loremflickr.com/800/600/house?lock=971', 50000174 ),
	( 10157, '2025-11-17', 'https://loremflickr.com/800/600/house?lock=98', 50000094 ),
	( 10158, '2019-09-22', 'https://loremflickr.com/800/600/house?lock=129', 50000171 ),
	( 10159, '2016-02-25', 'https://loremflickr.com/800/600/house?lock=890', 50000073 ),
	( 10160, '2018-01-02', 'https://loremflickr.com/800/600/house?lock=511', 50000175 ),
	( 10161, '2024-06-14', 'https://loremflickr.com/800/600/house?lock=453', 50000024 ),
	( 10162, '2025-03-25', 'https://loremflickr.com/800/600/house?lock=982', 50000087 ),
	( 10163, '2025-09-08', 'https://loremflickr.com/800/600/house?lock=898', 50000147 ),
	( 10164, '2025-03-24', 'https://loremflickr.com/800/600/house?lock=24', 50000107 ),
	( 10165, '2016-06-06', 'https://loremflickr.com/800/600/house?lock=408', 50000011 ),
	( 10166, '2020-08-13', 'https://loremflickr.com/800/600/house?lock=361', 50000080 ),
	( 10167, '2015-05-29', 'https://loremflickr.com/800/600/house?lock=78', 50000062 ),
	( 10168, '2019-07-24', 'https://loremflickr.com/800/600/house?lock=661', 50000157 ),
	( 10169, '2024-07-28', 'https://loremflickr.com/800/600/house?lock=854', 50000064 ),
	( 10170, '2020-05-27', 'https://loremflickr.com/800/600/house?lock=229', 50000091 ),
	( 10171, '2020-12-05', 'https://loremflickr.com/800/600/house?lock=223', 50000080 ),
	( 10172, '2025-09-06', 'https://loremflickr.com/800/600/house?lock=293', 50000141 ),
	( 10173, '2025-02-09', 'https://loremflickr.com/800/600/house?lock=707', 50000004 ),
	( 10174, '2018-04-11', 'https://loremflickr.com/800/600/house?lock=777', 50000162 ),
	( 10175, '2024-09-27', 'https://loremflickr.com/800/600/house?lock=381', 50000104 ),
	( 10176, '2015-04-10', 'https://loremflickr.com/800/600/house?lock=995', 50000110 ),
	( 10177, '2024-11-17', 'https://loremflickr.com/800/600/house?lock=511', 50000105 ),
	( 10178, '2015-08-25', 'https://loremflickr.com/800/600/house?lock=877', 50000038 ),
	( 10179, '2014-02-19', 'https://loremflickr.com/800/600/house?lock=563', 50000200 ),
	( 10180, '2018-02-26', 'https://loremflickr.com/800/600/house?lock=49', 50000025 ),
	( 10181, '2025-10-17', 'https://loremflickr.com/800/600/house?lock=821', 50000182 ),
	( 10182, '2023-04-16', 'https://loremflickr.com/800/600/house?lock=418', 50000011 ),
	( 10183, '2022-07-08', 'https://loremflickr.com/800/600/house?lock=243', 50000092 ),
	( 10184, '2025-07-07', 'https://loremflickr.com/800/600/house?lock=186', 50000186 ),
	( 10185, '2019-10-22', 'https://loremflickr.com/800/600/house?lock=44', 50000078 ),
	( 10186, '2015-10-01', 'https://loremflickr.com/800/600/house?lock=168', 50000118 ),
	( 10187, '2023-09-24', 'https://loremflickr.com/800/600/house?lock=485', 50000051 ),
	( 10188, '2018-05-15', 'https://loremflickr.com/800/600/house?lock=583', 50000183 ),
	( 10189, '2021-10-21', 'https://loremflickr.com/800/600/house?lock=982', 50000091 ),
	( 10190, '2022-01-07', 'https://loremflickr.com/800/600/house?lock=654', 50000068 ),
	( 10191, '2021-02-20', 'https://loremflickr.com/800/600/house?lock=720', 50000019 ),
	( 10192, '2025-04-16', 'https://loremflickr.com/800/600/house?lock=291', 50000082 ),
	( 10193, '2018-05-16', 'https://loremflickr.com/800/600/house?lock=392', 50000198 ),
	( 10194, '2016-10-18', 'https://loremflickr.com/800/600/house?lock=201', 50000088 ),
	( 10195, '2017-04-03', 'https://loremflickr.com/800/600/house?lock=431', 50000106 ),
	( 10196, '2023-07-19', 'https://loremflickr.com/800/600/house?lock=122', 50000071 ),
	( 10197, '2019-03-30', 'https://loremflickr.com/800/600/house?lock=516', 50000145 ),
	( 10198, '2015-03-19', 'https://loremflickr.com/800/600/house?lock=643', 50000163 ),
	( 10199, '2022-05-04', 'https://loremflickr.com/800/600/house?lock=257', 50000133 ),
	( 10200, '2023-06-08', 'https://loremflickr.com/800/600/house?lock=721', 50000076 ),
	( 10201, '2017-08-18', 'https://loremflickr.com/800/600/house?lock=662', 50000187 ),
	( 10202, '2021-07-03', 'https://loremflickr.com/800/600/house?lock=441', 50000169 ),
	( 10203, '2025-06-29', 'https://loremflickr.com/800/600/house?lock=319', 50000190 ),
	( 10204, '2016-06-28', 'https://loremflickr.com/800/600/house?lock=479', 50000072 ),
	( 10205, '2023-03-31', 'https://loremflickr.com/800/600/house?lock=620', 50000106 ),
	( 10206, '2023-06-05', 'https://loremflickr.com/800/600/house?lock=891', 50000035 ),
	( 10207, '2024-12-16', 'https://loremflickr.com/800/600/house?lock=893', 50000108 ),
	( 10208, '2024-08-26', 'https://loremflickr.com/800/600/house?lock=207', 50000005 ),
	( 10209, '2023-11-02', 'https://loremflickr.com/800/600/house?lock=886', 50000084 ),
	( 10210, '2018-07-13', 'https://loremflickr.com/800/600/house?lock=856', 50000124 ),
	( 10211, '2016-03-10', 'https://loremflickr.com/800/600/house?lock=914', 50000101 ),
	( 10212, '2015-01-24', 'https://loremflickr.com/800/600/house?lock=983', 50000166 ),
	( 10213, '2017-07-17', 'https://loremflickr.com/800/600/house?lock=430', 50000022 ),
	( 10214, '2018-06-15', 'https://loremflickr.com/800/600/house?lock=14', 50000083 ),
	( 10215, '2022-04-19', 'https://loremflickr.com/800/600/house?lock=151', 50000150 ),
	( 10216, '2020-05-03', 'https://loremflickr.com/800/600/house?lock=394', 50000151 ),
	( 10217, '2023-03-01', 'https://loremflickr.com/800/600/house?lock=3', 50000125 ),
	( 10218, '2018-07-23', 'https://loremflickr.com/800/600/house?lock=888', 50000084 ),
	( 10219, '2017-12-30', 'https://loremflickr.com/800/600/house?lock=361', 50000036 ),
	( 10220, '2014-07-20', 'https://loremflickr.com/800/600/house?lock=474', 50000097 ),
	( 10221, '2022-07-06', 'https://loremflickr.com/800/600/house?lock=803', 50000034 ),
	( 10222, '2018-12-04', 'https://loremflickr.com/800/600/house?lock=48', 50000137 ),
	( 10223, '2025-01-05', 'https://loremflickr.com/800/600/house?lock=111', 50000179 ),
	( 10224, '2025-01-14', 'https://loremflickr.com/800/600/house?lock=990', 50000098 ),
	( 10225, '2022-09-18', 'https://loremflickr.com/800/600/house?lock=625', 50000165 ),
	( 10226, '2014-09-14', 'https://loremflickr.com/800/600/house?lock=748', 50000098 ),
	( 10227, '2016-02-18', 'https://loremflickr.com/800/600/house?lock=494', 50000015 ),
	( 10228, '2021-04-01', 'https://loremflickr.com/800/600/house?lock=390', 50000117 ),
	( 10229, '2018-02-02', 'https://loremflickr.com/800/600/house?lock=528', 50000089 ),
	( 10230, '2015-03-23', 'https://loremflickr.com/800/600/house?lock=900', 50000020 ),
	( 10231, '2016-09-11', 'https://loremflickr.com/800/600/house?lock=430', 50000079 ),
	( 10232, '2022-07-22', 'https://loremflickr.com/800/600/house?lock=619', 50000049 ),
	( 10233, '2021-08-26', 'https://loremflickr.com/800/600/house?lock=416', 50000178 ),
	( 10234, '2025-12-31', 'https://loremflickr.com/800/600/house?lock=746', 50000124 ),
	( 10235, '2020-05-05', 'https://loremflickr.com/800/600/house?lock=810', 50000152 ),
	( 10236, '2018-10-09', 'https://loremflickr.com/800/600/house?lock=246', 50000012 ),
	( 10237, '2024-11-04', 'https://loremflickr.com/800/600/house?lock=887', 50000158 ),
	( 10238, '2015-12-15', 'https://loremflickr.com/800/600/house?lock=799', 50000152 ),
	( 10239, '2016-02-02', 'https://loremflickr.com/800/600/house?lock=302', 50000162 ),
	( 10240, '2024-07-20', 'https://loremflickr.com/800/600/house?lock=800', 50000128 ),
	( 10241, '2015-04-05', 'https://loremflickr.com/800/600/house?lock=141', 50000153 ),
	( 10242, '2025-08-15', 'https://loremflickr.com/800/600/house?lock=628', 50000048 ),
	( 10243, '2024-09-03', 'https://loremflickr.com/800/600/house?lock=233', 50000104 ),
	( 10244, '2023-06-15', 'https://loremflickr.com/800/600/house?lock=18', 50000069 ),
	( 10245, '2015-06-12', 'https://loremflickr.com/800/600/house?lock=765', 50000157 ),
	( 10246, '2019-01-26', 'https://loremflickr.com/800/600/house?lock=833', 50000068 ),
	( 10247, '2015-01-24', 'https://loremflickr.com/800/600/house?lock=618', 50000167 ),
	( 10248, '2015-08-08', 'https://loremflickr.com/800/600/house?lock=697', 50000063 ),
	( 10249, '2017-09-08', 'https://loremflickr.com/800/600/house?lock=697', 50000073 ),
	( 10250, '2014-06-17', 'https://loremflickr.com/800/600/house?lock=151', 50000187 ),
	( 10251, '2025-08-25', 'https://loremflickr.com/800/600/house?lock=45', 50000164 ),
	( 10252, '2016-04-11', 'https://loremflickr.com/800/600/house?lock=244', 50000065 ),
	( 10253, '2015-11-26', 'https://loremflickr.com/800/600/house?lock=757', 50000160 ),
	( 10254, '2025-11-05', 'https://loremflickr.com/800/600/house?lock=926', 50000078 ),
	( 10255, '2020-05-13', 'https://loremflickr.com/800/600/house?lock=832', 50000118 ),
	( 10256, '2017-08-14', 'https://loremflickr.com/800/600/house?lock=564', 50000068 ),
	( 10257, '2020-03-21', 'https://loremflickr.com/800/600/house?lock=712', 50000052 ),
	( 10258, '2023-10-23', 'https://loremflickr.com/800/600/house?lock=364', 50000049 ),
	( 10259, '2016-05-04', 'https://loremflickr.com/800/600/house?lock=620', 50000134 ),
	( 10260, '2021-10-14', 'https://loremflickr.com/800/600/house?lock=855', 50000003 ),
	( 10261, '2014-10-26', 'https://loremflickr.com/800/600/house?lock=951', 50000009 ),
	( 10262, '2014-12-01', 'https://loremflickr.com/800/600/house?lock=850', 50000104 ),
	( 10263, '2022-03-02', 'https://loremflickr.com/800/600/house?lock=278', 50000047 ),
	( 10264, '2017-07-29', 'https://loremflickr.com/800/600/house?lock=41', 50000121 ),
	( 10265, '2020-11-06', 'https://loremflickr.com/800/600/house?lock=507', 50000027 ),
	( 10266, '2025-10-06', 'https://loremflickr.com/800/600/house?lock=316', 50000043 ),
	( 10267, '2020-12-07', 'https://loremflickr.com/800/600/house?lock=834', 50000111 ),
	( 10268, '2019-05-01', 'https://loremflickr.com/800/600/house?lock=28', 50000129 ),
	( 10269, '2021-12-17', 'https://loremflickr.com/800/600/house?lock=338', 50000127 ),
	( 10270, '2024-06-22', 'https://loremflickr.com/800/600/house?lock=126', 50000133 ),
	( 10271, '2015-07-08', 'https://loremflickr.com/800/600/house?lock=949', 50000100 ),
	( 10272, '2021-06-01', 'https://loremflickr.com/800/600/house?lock=702', 50000059 ),
	( 10273, '2023-12-09', 'https://loremflickr.com/800/600/house?lock=495', 50000154 ),
	( 10274, '2021-01-17', 'https://loremflickr.com/800/600/house?lock=166', 50000087 ),
	( 10275, '2021-04-20', 'https://loremflickr.com/800/600/house?lock=277', 50000055 ),
	( 10276, '2023-02-20', 'https://loremflickr.com/800/600/house?lock=607', 50000192 ),
	( 10277, '2020-06-21', 'https://loremflickr.com/800/600/house?lock=36', 50000095 ),
	( 10278, '2025-11-12', 'https://loremflickr.com/800/600/house?lock=898', 50000005 ),
	( 10279, '2023-09-08', 'https://loremflickr.com/800/600/house?lock=997', 50000089 ),
	( 10280, '2020-02-17', 'https://loremflickr.com/800/600/house?lock=535', 50000178 ),
	( 10281, '2019-10-12', 'https://loremflickr.com/800/600/house?lock=341', 50000106 ),
	( 10282, '2024-11-22', 'https://loremflickr.com/800/600/house?lock=915', 50000099 ),
	( 10283, '2014-02-22', 'https://loremflickr.com/800/600/house?lock=655', 50000051 ),
	( 10284, '2022-08-11', 'https://loremflickr.com/800/600/house?lock=856', 50000074 ),
	( 10285, '2016-01-01', 'https://loremflickr.com/800/600/house?lock=767', 50000073 ),
	( 10286, '2018-09-21', 'https://loremflickr.com/800/600/house?lock=145', 50000003 ),
	( 10287, '2015-06-28', 'https://loremflickr.com/800/600/house?lock=442', 50000003 ),
	( 10288, '2016-11-07', 'https://loremflickr.com/800/600/house?lock=240', 50000124 ),
	( 10289, '2016-11-15', 'https://loremflickr.com/800/600/house?lock=436', 50000172 ),
	( 10290, '2022-09-21', 'https://loremflickr.com/800/600/house?lock=241', 50000005 ),
	( 10291, '2020-03-30', 'https://loremflickr.com/800/600/house?lock=3', 50000109 ),
	( 10292, '2017-03-25', 'https://loremflickr.com/800/600/house?lock=604', 50000093 ),
	( 10293, '2017-01-13', 'https://loremflickr.com/800/600/house?lock=293', 50000182 ),
	( 10294, '2024-10-22', 'https://loremflickr.com/800/600/house?lock=813', 50000003 ),
	( 10295, '2019-08-06', 'https://loremflickr.com/800/600/house?lock=858', 50000180 ),
	( 10296, '2014-12-20', 'https://loremflickr.com/800/600/house?lock=523', 50000132 ),
	( 10297, '2022-08-30', 'https://loremflickr.com/800/600/house?lock=514', 50000067 ),
	( 10298, '2018-03-19', 'https://loremflickr.com/800/600/house?lock=146', 50000041 ),
	( 10299, '2014-05-18', 'https://loremflickr.com/800/600/house?lock=596', 50000199 ),
	( 10300, '2023-07-23', 'https://loremflickr.com/800/600/house?lock=37', 50000007 );




insert into performance ( track_id, deals_left, score, total_sales, deals, user_rating, agent_id )
	values
	( 50001, 0, 100, 52714000, 24, 4.9, 10000003 ),
	( 50002, 1, 22, 9687000, 24, 2.5, 10000008 ),
	( 50003, 11, 25, 3059000, 11, 3, 10000009 ),
	( 50004, 13, 36, 40480000, 2, 3.8, 10000011 ),
	( 50005, 5, 33, 42947000, 16, 2, 10000016 ),
	( 50006, 16, 38, 19728000, 5, 3.2, 10000026 ),
	( 50007, 2, 64, 35029000, 20, 1.5, 10000044 ),
	( 50008, 15, 92, 38499000, 21, 1.3, 10000049 ),
	( 50009, 3, 85, 16588000, 3, 3, 10000056 ),
	( 50010, 20, 39, 27026000, 3, 0.8, 10000061 ),
	( 50011, 17, 20, 20968000, 3, 4.8, 10000069 ),
	( 50012, 0, 39, 45917000, 22, 3.1, 10000073 ),
	( 50013, 4, 52, 12213000, 18, 4.2, 10000077 ),
	( 50014, 12, 41, 17058000, 5, 1.9, 10000078 ),
	( 50015, 7, 95, 56979000, 18, 3.7, 10000083 ),
	( 50016, 6, 31, 31098000, 12, 4.5, 10000086 ),
	( 50017, 9, 29, 26892000, 3, 1.6, 10000088 ),
	( 50018, 16, 69, 35869000, 19, 1.5, 10000102 ),
	( 50019, 0, 14, 22606000, 16, 2.9, 10000103 ),
	( 50020, 0, 69, 53001000, 19, 2.2, 10000106 ),
	( 50021, 13, 5, 1851000, 23, 4.9, 10000110 ),
	( 50022, 14, 58, 45098000, 1, 4.9, 10000113 ),
	( 50023, 5, 20, 27144000, 17, 1.9, 10000117 ),
	( 50024, 3, 48, 22661000, 12, 4.9, 10000120 ),
	( 50025, 4, 69, 41057000, 7, 3, 10000128 ),
	( 50026, 11, 34, 1500000, 15, 2.5, 10000129 ),
	( 50027, 11, 86, 19336000, 2, 5, 10000135 ),
	( 50028, 10, 14, 34841000, 11, 2.1, 10000136 ),
	( 50029, 13, 55, 52482000, 17, 1, 10000138 ),
	( 50030, 10, 11, 38957000, 9, 2.6, 10000150 );

